PREFIX,SPECIES,TAX.phyla,TAX.subphyla,TAX.family,GENOME_SIZE,GC,REPEAT,LTRTE,DNATE,mRNA_exons.mean,mRNA_exons.median,mRNA_exons.SD,mRNA_exons.count,mRNA.mean,mRNA.median,mRNA.SD,mRNA.count,exon.mean,exon.median,exon.SD,exon.count,CDS.mean,CDS.median,CDS.SD,CDS.count
Aapi,Ascosphaera_apis_ARSEF_7405.v1,Ascomycota,Pezizomycotina,Ascosphaeraceae,19.94,0.46,0.00857,0.00385,0.00352,2.632,2,1.696,7070,1783.914,1413,1417.288,7045,573.806,340,671.526,18608,526.835,286,658.380,18109
Aben,Arthroderma_benhamiae_CBS_112371,Ascomycota,Pezizomycotina,Arthrodermataceae,22.18,0.49,0.00141,0.00033,0.00047,2.580,2,1.587,8021,1605.544,1345,1238.664,8027,570.942,326,718.862,20693,571.925,326,719.236,20652
Abor,Archaeorhizomyces_borealis_CBS_138755.v1,Ascomycota,Taphrinomycotina,Archaeorhizomycetaceae,18.17,0.48,0.00371,0.00273,0.00051,4.339,4,2.981,8206,1935.160,1572,1466.053,8206,412.220,245,504.492,35605,324.123,202,378.917,35003
Acap,Ajellomyces_capsulatus_NAm1,Ascomycota,Pezizomycotina,Ajellomycetaceae,32.78,0.43,0.02605,0.01041,0.01154,3.308,3,1.946,9251,1685.002,1445,1145.497,9251,412.868,222,545.269,30599,388.992,202,532.464,30365
Aciri1_iso,Acidomyces_richmondensis_BFW.Aciri1_iso,Ascomycota,Pezizomycotina,Dothideomycetes,29.88,0.49,0.05919,0.02475,0.01448,2.282,2,1.523,11202,1483.879,1269,1048.108,11202,601.313,341,744.007,25568,547.473,288,715.829,24840
Acral2,Acremonium_alcalophilum,Ascomycota,Pezizomycotina,Plectosphaerellaceae,54.42,0.46,0.04967,0.04584,0.00057,3.737,3,3.514,9521,1957.395,1580,1697.118,9521,422.999,163,648.205,35580,369.247,138,606.352,35214
Afin,Archaeorhizomyces_finlayi_CBS_128710.v2,Ascomycota,Taphrinomycotina,Archaeorhizomycetaceae,22.54,0.48,0.01278,0.00815,0.00185,4.212,3,3.027,9471,1738.292,1402,1333.855,9471,377.801,230,449.693,39893,328.521,197,402.641,39351
Afum,Aspergillus_fumigatus_Af293,Ascomycota,Pezizomycotina,Aspergillaceae,29.38,0.49,0.02708,0.01415,0.00698,2.890,2,1.869,9859,1595.280,1361.5,1161.569,9864,499.595,269,678.049,28489,502.980,273,679.742,28260
Agabi_varbisH97_2,Agaricus_bisporus_var_bisporus_H97,Basidiomycota,Agaricomycotina,Agaricaceae,30.23,0.46,0.02729,0.02347,0.00252,6.046,5,4.771,10438,1763.226,1495,1263.410,10438,233.225,144,285.988,63113,216.847,133,274.344,61219
Agahy1,Agaricostilbum_hyphaenes_ATCC_MYA-4628,Basidiomycota,Pucciniomycotina,Agaricostilbaceae,17.89,0.54,0.00261,0.00226,0.00010,6.436,5,4.374,7746,1825.816,1584,1142.709,7746,232.484,136,289.105,49852,207.908,118,275.322,48725
Agos,Ashbya_gossypii_FDAG1,Ascomycota,Saccharomycotina,Saccharomycetaceae,9.14,0.52,0.02337,0.00055,0.00007,1.062,1,0.247,5387,1361.804,1122.5,1115.035,5396,1277.594,1049,1127.358,5723,1387.307,1151,1112.072,5061
Amac,Allomyces_macrogynus_ATCC_38327.v3,Blastocladiomycota,Blastocladiomycetes,Blastocladiaceae,57.06,0.57,0.02620,0.02418,0.00031,3.455,3,2.268,19446,1956.060,1677,1367.319,19446,490.563,284,634.783,67190,430.558,233,596.883,65356
Amamu1,Amanita_muscaria_Koide,Basidiomycota,Agaricomycotina,Amanitaceae,40.70,0.42,0.01876,0.01661,0.00153,4.538,3,4.121,18153,1395.456,1038,1254.479,18153,251.684,156,303.015,82381,227.826,142,289.930,78005
Amath1,Amanita_thiersii_Skay4041,Basidiomycota,Agaricomycotina,Amanitaceae,33.69,0.45,0.08580,0.08504,0.00022,6.024,5,4.911,10354,1686.298,1398,1241.903,10354,224.832,137,286.958,62374,212.630,131,277.645,61549
Amnli1,Amniculicola_lignicola_CBS_123094,Ascomycota,Pezizomycotina,Amniculicolaceae,49.58,0.47,0.03880,0.01527,0.02283,2.668,2,1.742,15590,1617.853,1364,1182.665,15590,548.318,344.5,654.374,41596,486.398,282,625.798,40754
Amore1,Amorphotheca_resinae_ATCC_22711,Ascomycota,Pezizomycotina,Myxotrichaceae,28.63,0.47,0.00944,0.00590,0.00030,2.968,3,1.880,9642,1712.483,1467,1218.200,9642,516.172,304,634.163,28616,467.791,254,616.090,28119
Antav1,Anthostoma_avocetta_NRRL_3190,Ascomycota,Pezizomycotina,Diatrypaceae,56.23,0.44,0.00169,0.00094,0.00035,2.935,2,2.117,15755,1709.509,1451,1349.551,15755,509.579,305,634.129,46238,452.117,250.5,603.406,45484
Antlo1,Antonospora_locustae_HM-2013.Antlo1,Microsporidia,Microsporidia,Microsporidia,6.07,0.47,0.10980,0.01241,0.00549,1.000,1,0.000,2606,698.093,524,638.547,2606,698.093,524,638.547,2606,698.093,524,638.547,2606
Apimo1,Apiospora_montagnei_NRRL_25634,Ascomycota,Pezizomycotina,Apiosporaceae,47.67,0.52,0.00286,0.00122,0.00048,2.519,2,1.753,16992,1579.252,1352,1154.925,16992,564.972,351,677.969,42806,508.417,290,653.022,42081
Aplpr1,Aplosporella_prunicola_CBS_121.167,Ascomycota,Pezizomycotina,Aplosporellaceae,32.82,0.54,0.00554,0.00308,0.00016,2.666,2,1.734,12579,1603.625,1355,1128.785,12579,550.191,345,658.926,33532,487.482,281,634.082,32873
Armme1_1,Armillaria_mellea_DSM_3731.Armme1_1,Basidiomycota,Agaricomycotina,Physalacriaceae,79.55,0.40,0.08124,0.07741,0.00172,6.019,4,5.334,14473,1611.561,1268,1296.053,14473,206.050,123,263.399,87115,206.050,123,263.399,87115
Artel1,Artolenzites_elegans_CIRM1663,Basidiomycota,Agaricomycotina,Coriolaceae,33.08,0.58,0.01535,0.01466,0.00029,5.723,4,4.638,12851,1787.034,1511,1204.676,12851,253.262,153,300.586,73544,222.134,135,277.689,70909
Artol1,Arthrobotrys_oligospora_ATCC_24927.Artol1,Ascomycota,Pezizomycotina,Orbiliaceae,40.07,0.44,0.00208,0.00149,0.00019,3.169,3,2.259,11479,1691.115,1396,1260.321,11479,471.943,263,601.886,36375,471.943,263,601.886,36375
Arxad1,Blastobotrys_adeninivorans_LS3.Arxad1,Ascomycota,Saccharomycotina,Trichomonascaceae,11.80,0.48,0.00245,0.00054,0.00015,1.150,1,0.475,6119,1441.384,1214,1021.583,6119,1241.908,1055,1019.919,7037,1241.908,1055,1019.919,7037
Ascim1,Ascobolus_immersus_RN42,Ascomycota,Pezizomycotina,Ascobolaceae,59.53,0.49,0.01119,0.00744,0.00079,2.670,2,1.802,17877,1574.207,1289,1171.011,17877,526.745,355,560.835,47727,477.229,305,539.248,46077
Ascni1,Ascodesmis_nigricans_CBS_389.68,Ascomycota,Pezizomycotina,Ascodesmidaceae,27.39,0.51,0.00535,0.00209,0.00024,2.995,2,2.179,9622,1413.728,1134,1132.817,9622,420.234,237,526.414,28814,420.294,237,526.518,28799
Ascsa1,Ascocoryne_sarcoides_NRRL_50072.Ascsa1,Ascomycota,Pezizomycotina,Helotiaceae,34.17,0.46,0.00490,0.00163,0.00287,3.026,3,1.998,10672,1694.166,1387,1277.191,10672,491.774,276,630.958,32297,491.774,276,630.958,32297
Aspni7,Aspergillus_niger_ATCC_1015,Ascomycota,Pezizomycotina,Aspergillaceae,34.85,0.50,0.00382,0.00045,0.00174,3.381,3,2.252,11910,1859.924,1566,1356.111,11910,482.490,273,633.169,40263,441.090,232,613.529,39999
Astr,Acarospora_strigata_CBS_132363.v0_2,Ascomycota,Pezizomycotina,Acarosporaceae,26.83,0.48,0.00682,0.00512,0.00047,3.123,3,2.292,9130,1602.409,1249.5,1367.737,9130,442.186,260,537.455,28515,442.457,260,537.815,28428
Atrsp2,Atractiellales_sp_PMI_95,Basidiomycota,Pucciniomycotina,,51.47,0.47,0.02133,0.01551,0.00077,5.300,4,4.169,17606,1583.286,1308,1231.840,17606,229.117,142,275.740,93311,206.674,128,260.803,89400
Aulhe2,Aulographum_hederae_CBS_113979,Ascomycota,Pezizomycotina,Aulographaceae,31.98,0.52,0.00739,0.00363,0.00133,2.657,2,1.683,12127,1654.790,1428,1114.535,12127,566.877,357,666.053,32217,493.371,278,633.346,31467
Aurde3_1,Auricularia_subglabra_TFB10046_SS-5,Basidiomycota,Agaricomycotina,Auriculariaceae,76.85,0.51,0.02664,0.02596,0.00040,4.799,3,4.276,25459,1554.686,1280,1336.994,25459,252.546,147,314.371,122185,240.201,139,304.872,121020
Aurpu_var_pul1,Aureobasidium_pullulans_var_pullulans_EXF-150.Aurpu_var_pul1,Ascomycota,Pezizomycotina,Aureobasidiaceae,29.62,0.50,0.00340,0.00280,0.00024,2.483,2,1.575,11866,1627.782,1398,1067.119,11866,607.927,368,729.400,29461,544.970,302,697.375,28964
Aurvu1,Auriscalpium_vulgare_FP105234-Sp,Basidiomycota,Agaricomycotina,Auriscalpiaceae,39.65,0.56,0.02207,0.01940,0.00172,5.023,4,4.440,16945,1401.199,1137,1109.767,16945,224.943,139,280.047,85113,225.022,139,280.182,84851
Bacci1,Backusella_circina_FSU_941,Mucoromycota,Mucoromycotina,Backusellaceae,48.65,0.33,0.00511,0.00165,0.00329,4.255,4,3.018,17039,1556.753,1306,1165.865,17039,290.863,167,388.419,72499,278.648,158,382.140,71626
Basme2finSC,Basidiobolus_meristosporus_CBS_931.73,Zoopagomycota,Entomophthoromycotina,Basidiobolaceae,89.49,0.43,0.07156,0.07120,0.00005,3.776,2,3.690,16111,1336.395,1063,1215.927,16111,297.925,148,495.803,60837,298.443,148,496.336,60519
Batde5,Batrachochytrium_dendrobatidis_JAM81,Chytridiomycota,Chytridiomycetes,Rhizophydiales,24.32,0.39,0.00799,0.00604,0.00005,4.286,3,3.796,8732,1824.165,1454.5,1547.509,8732,327.366,173,479.410,37423,316.389,167,471.151,37188
Bauco1,Baudoinia_compniacensis_UAMH_10762,Ascomycota,Pezizomycotina,Teratosphaeriaceae,21.88,0.55,0.00245,0.00203,0.00006,2.145,2,1.399,10513,1547.389,1322,1081.471,10513,679.835,414,789.426,22548,601.923,328,752.206,21798
Bcin,Botrytis_cinerea_B05.10,Ascomycota,Pezizomycotina,Sclerotiniaceae,42.31,0.39,0.01109,0.00831,0.00231,2.619,2,1.646,16572,1216.964,957,1085.710,16583,379.922,188,537.074,43396,381.192,189,537.918,43205
Beaba1,Beauveria_bassiana_ARSEF_2860.Beaba1,Ascomycota,Pezizomycotina,Cordycipitaceae,33.69,0.51,0.00286,0.00060,0.00088,2.732,2,1.921,10364,1672.557,1409,1204.866,10364,548.068,284,751.394,28317,548.068,284,751.394,28317
Bimnz1,Bimuria_novae-zelandiae_CBS_107.79,Ascomycota,Pezizomycotina,Didymosphaeriaceae,78.18,0.44,0.13180,0.09117,0.03601,2.620,2,1.774,16650,1311.294,1068,1061.155,16650,445.968,261,563.703,43630,446.265,261,564.007,43563
Bjead1_1,Bjerkandera_adusta_HHB-12826-SP_SB-22,Basidiomycota,Agaricomycotina,Phanerochaetaceae,42.73,0.52,0.00747,0.00635,0.00054,5.593,4,4.496,15473,1701.828,1423,1452.577,15473,247.086,152,297.753,86546,224.753,137,282.736,83488
Blugr1,Blumeria_graminis_f_sp_hordei_DH14.Blugr1,Ascomycota,Pezizomycotina,Erysiphaceae,118.73,0.33,0.49542,0.19892,0.00553,2.766,2,1.593,6470,1709.665,1412,1158.839,6470,524.907,283,678.508,17899,524.907,283,678.508,17899
Boled1,Boletus_edulis_BED1,Basidiomycota,Agaricomycotina,Boletaceae,46.64,0.43,0.03411,0.03161,0.00174,4.881,4,4.248,16933,1448.805,1102,1293.552,16933,236.989,149,285.901,82645,217.754,138,272.672,78921
Botbo1,Botryobasidium_botryosum_FD-172_SS1,Basidiomycota,Agaricomycotina,Botryobasidiaceae,46.67,0.51,0.01084,0.00846,0.00145,5.582,4,4.852,16526,1682.845,1406,1306.167,16526,239.566,148,299.937,92254,214.792,132,282.011,89550
Botdo1_1,Botryosphaeria_dothidea_CBS_115476.Botdo1_1,Ascomycota,Pezizomycotina,Botryosphaeriaceae,43.50,0.54,0.01279,0.00573,0.00313,3.358,3,2.396,12162,1804.065,1450.5,1423.237,14998,472.951,278,632.787,40837,507.729,295,664.795,26765
Bysci1,Byssothecium_circinans_CBS_675.92,Ascomycota,Pezizomycotina,Massarinaceae,49.29,0.47,0.03737,0.02191,0.01515,2.673,2,1.734,15785,1644.277,1404,1146.643,15785,556.812,359,633.338,42189,487.713,288,603.448,41293
Cadsp1,Cadophora_sp_DSE1049,Ascomycota,Pezizomycotina,,70.46,0.46,0.03067,0.02200,0.00624,3.043,3,2.113,22766,1581.827,1357,1111.629,22766,459.460,291,533.909,69285,408.778,245,503.537,68170
Calb,Candida_albicans_SC5314.vA22-s05-m05-r09,Ascomycota,Saccharomycotina,Debaryomycetaceae,28.61,0.33,0.00759,0.00419,0.00067,1.074,1,0.292,12883,1466.811,1214,1076.738,12421,1310.798,1088,1104.197,13831,1365.492,1133,1096.098,13235
Calco1,Calocera_cornea_HHB12733,Basidiomycota,Agaricomycotina,Dacrymycetaceae,33.24,0.56,0.01231,0.00826,0.00281,4.349,3,3.653,13177,1421.154,1166,1101.232,13177,275.202,170,340.243,57307,275.477,170,340.516,57155
Catan1,Catenaria_anguillulae_PL171,Blastocladiomycota,Blastocladiomycetes,Catenariaceae,36.22,0.51,0.00339,0.00302,0.00012,2.498,2,1.736,14188,1566.800,1244,1262.189,14188,558.066,353,636.949,35442,512.807,308,617.788,34154
Ccin,Coprinopsis_cinerea_okayama7_130,Basidiomycota,Agaricomycotina,Psathyrellaceae,36.18,0.52,0.04286,0.04084,0.00147,5.559,4,4.251,13646,1726.468,1451,1235.628,13661,250.803,146,331.382,75854,245.738,143,329.165,75140
Ccor,Capronia_coronata_CBS_617.96,Ascomycota,Pezizomycotina,Herpotrichiellaceae,25.81,0.53,0.00071,0.00034,0.00009,2.218,2,1.471,9231,1610.461,1403,1058.309,9234,682.395,365,861.159,20473,681.919,363,861.412,20469
Cenge3,Cenococcum_geophilum_1.58,Ascomycota,Pezizomycotina,Gloniaceae,177.56,0.37,0.13854,0.12864,0.00255,2.926,2,2.134,14748,1604.778,1349,1287.533,14748,481.656,289,579.181,43156,420.802,233,548.167,41790
Cepal1_1,Cephaloascus_albidus_ATCC_66658,Ascomycota,Saccharomycotina,Cephaloascaceae,15.28,0.34,0.00076,0.00049,0.00013,1.389,1,0.771,6196,1408.550,1166,1037.288,6196,978.826,779,964.739,8609,979.044,779,964.581,8598
Ceur,Cyphellophora_europaea_CBS_101466,Ascomycota,Pezizomycotina,Cyphellophoraceae,28.78,0.54,0.00250,0.00186,0.00016,2.047,2,1.338,11152,1527.700,1331,1036.463,11152,710.728,398,867.107,22830,712.264,401,867.672,22772
Cglo,Chaetomium_globosum_CBS_148.51,Ascomycota,Pezizomycotina,Chaetomiaceae,34.27,0.55,0.01987,0.00304,0.00629,3.086,3,1.873,11230,1762.811,1420,1409.372,11232,474.695,263,613.298,34651,476.742,265,614.266,34469
Cgra,Colletotrichum_graminicola_M1.001.Colgr1,Ascomycota,Pezizomycotina,Glomerellaceae,51.60,0.48,0.00958,0.00628,0.00186,2.746,2,1.811,12006,1545.042,1312,1180.886,12006,508.531,278,685.367,32967,508.065,278,685.420,32957
Chalo1,Chalara_longipes_BDJ,Ascomycota,Pezizomycotina,Helotiales,52.43,0.47,0.00195,0.00141,0.00030,3.060,3,2.079,19765,1644.967,1417,1097.601,19765,483.711,305,562.084,60490,438.634,261,538.308,59592
Chet,Cochliobolus_heterostrophus_C5,Ascomycota,Pezizomycotina,Pleosporaceae,36.44,0.50,0.07306,0.04457,0.00189,2.642,2,1.615,13440,1565.281,1356,1166.491,13440,532.957,318,637.242,35502,487.543,272,618.941,34995
Chiap1,Chionosphaera_apobasidialis_52639,Basidiomycota,Pucciniomycotina,Chionosphaeraceae,21.83,0.46,0.01036,0.00914,0.00042,4.979,4,3.454,9875,1335.134,1109,1016.139,9875,223.186,132,276.808,49166,223.276,132,276.937,49029
Chig,Colletotrichum_higginsianum_IMI_349063.Colhi1,Ascomycota,Pezizomycotina,Glomerellaceae,49.08,0.55,0.05346,0.01716,0.02554,2.445,2,1.625,16172,1219.325,1019,930.304,16172,446.918,257,562.120,39537,447.010,257,562.149,39528
Chove1,Choiromyces_venosus_120613-1,Ascomycota,Pezizomycotina,Tuberaceae,126.04,0.42,0.16498,0.10579,0.03070,2.835,2,2.552,17986,1308.618,959,1206.851,17986,390.308,262,429.134,50996,332.370,206,404.164,48911
Cimm,Coccidioides_immitis_RS,Ascomycota,Pezizomycotina,Onygenales,28.89,0.46,0.07969,0.07029,0.00615,3.429,3,2.094,10556,1564.144,1296,1185.469,10565,357.691,169,546.662,36198,358.575,170,547.317,36082
Cinn,Chaetosphaeria_innumera,Ascomycota,Pezizomycotina,Chaetosphaeriaceae,37.69,0.54,0.00360,0.00163,0.00081,3.000,3,2.022,10772,1743.269,1460,1315.658,10703,507.511,276,666.585,32320,509.078,277,667.232,32201
ClaPMI390,Clavulina_sp_PMI_390,Basidiomycota,Agaricomycotina,Clavulinaceae,41.64,0.50,0.00315,0.00265,0.00026,5.270,4,4.600,15452,1551.057,1297,1219.764,15452,224.210,131,296.987,81430,224.473,131,297.348,81071
Clael1,Clathrospora_elynae_CBS_161.51,Ascomycota,Pezizomycotina,Diademaceae,37.39,0.49,0.03181,0.01366,0.01295,2.494,2,1.640,13617,1368.923,1108,1149.181,13617,497.205,285,631.896,33964,497.406,285,632.121,33927
Clafu1,Cladosporium_fulvum_CBS_131901,Ascomycota,Pezizomycotina,Cladosporiaceae,61.11,0.49,0.10561,0.04949,0.00733,2.176,2,1.417,14127,1414.624,1148,1125.031,14127,594.339,335,754.989,30740,594.339,335,754.989,30740
Clagr3,Cladonia_grayi_Cgr-DA2myc-ss,Ascomycota,Pezizomycotina,Cladoniaceae,34.62,0.44,0.00349,0.00285,0.00026,3.032,3,1.884,11389,1806.020,1524,1264.614,11389,543.599,319,657.683,34527,482.796,260,632.951,33663
Clapy1,Clavicorona_pyxidata_HHB10654,Basidiomycota,Agaricomycotina,Auriscalpiaceae,37.99,0.53,0.00761,0.00617,0.00078,5.673,4,4.686,15130,1691.426,1424,1181.837,15130,244.034,150,292.590,85828,218.482,137,268.992,82933
Clig,Coniochaeta_ligniaria_CBS_111746,Ascomycota,Pezizomycotina,Coniochaetaceae,43.70,0.51,0.01050,0.00941,0.00019,2.846,2,1.794,10358,1733.358,1451,1274.972,10083,520.614,290,666.487,29484,528.152,297,668.997,29017
Cloro1,Clonostachys_rosea_CBS_125111,Ascomycota,Pezizomycotina,Bionectriaceae,52.44,0.50,0.00074,0.00044,0.00009,2.799,2,1.983,18639,1544.288,1328,1362.867,18639,497.435,285,726.697,52171,497.706,285,727.096,52084
Clus,Clavispora_lusitaniae_ATCC_42720,Ascomycota,Saccharomycotina,Metschnikowiaceae,12.11,0.44,0.00361,0.00137,0.00019,1.002,1,0.049,6148,1343.199,1103,978.363,6151,1339.709,1100,979.541,6163,1384.705,1139,966.861,5951
Cneo,Cryptococcus_neoformans_var._neoformans_JEC21,Basidiomycota,Agaricomycotina,Filobasidiaceae,19.05,0.49,0.04437,0.03749,0.00391,6.392,6,3.928,6728,2044.030,1860,1330.012,7078,276.035,168,333.755,43003,254.255,149,325.184,40811
Coere1,Coemansia_reversa_NRRL_1564,Zoopagomycota,Kickxellomycotina,Kickxellaceae,21.84,0.43,0.02315,0.02195,0.00089,1.515,1,0.976,7347,1448.850,1169,1187.336,7347,878.341,613,931.791,11129,817.076,554,909.475,11034
Conco1,Conidiobolus_coronatus_NRRL_28638,Zoopagomycota,Entomophthoromycotina,Ancylistaceae,39.90,0.22,0.00282,0.00202,0.00013,2.777,2,2.554,10635,1265.380,1048,975.122,10635,400.215,184,551.174,29531,379.378,168,537.608,29185
Conpu1,Coniophora_puteana_RWD-64-598_SS2,Basidiomycota,Agaricomycotina,Coniophoraceae,42.97,0.51,0.01586,0.01456,0.00061,6.115,5,4.662,13761,1909.206,1636,1371.173,13761,247.195,149,312.895,84144,223.413,136,287.221,80532
Conth1,Conidiobolus_thromboides_FSU_785,Zoopagomycota,Entomophthoromycotina,Ancylistaceae,24.64,0.27,0.00123,0.00074,0.00042,3.652,2,3.420,8866,1252.875,1013,981.462,8867,296.020,147,461.463,32376,296.391,148,461.741,32217
Corca1,Corynespora_cassiicola_CCP,Ascomycota,Pezizomycotina,Corynesporascaceae,44.85,0.50,0.01743,0.01155,0.00509,2.595,2,1.754,17166,1609.149,1384,1111.210,17166,569.194,371,642.019,44554,495.049,302,607.344,43676
Corgl3,Cortinarius_glaucopus_AT_2004_276,Basidiomycota,Agaricomycotina,Cortinariaceae,63.45,0.42,0.04091,0.03353,0.00561,5.049,4,4.488,20377,1513.161,1170,1306.483,20377,233.567,146,283.885,102875,211.600,133,267.893,99368
Cori,Caliciopsis_orientalis_CBS_138_64.v1,Ascomycota,Pezizomycotina,Coryneliaceae,28.17,0.50,0.00218,0.00110,0.00036,3.274,3,2.081,7679,1859.783,1544,1392.373,7588,489.615,260,670.982,25140,492.286,262,672.142,24980
Corma2,Corollospora_maritima_CBS_119819,Ascomycota,Pezizomycotina,Halosphaeriaceae,36.97,0.53,0.01088,0.00778,0.00228,2.514,2,1.764,12991,1400.029,1122,1133.936,12991,494.950,286,632.263,32664,495.093,286,632.198,32616
Cormi1,Cordyceps_militaris_CM01.Cormi1,Ascomycota,Pezizomycotina,Cordycipitaceae,32.27,0.51,0.00207,0.00133,0.00013,2.992,3,2.178,9651,1742.022,1460,1320.189,9651,506.218,248,718.665,28872,506.218,248,718.665,28872
Cpul,Calosphaeria_pulchella,Ascomycota,Pezizomycotina,Calosphaeriaceae,37.80,0.52,0.00691,0.00265,0.00085,3.138,3,2.062,9660,1782.186,1490,1328.480,9570,479.603,263,641.180,30313,481.574,265,642.016,30166
Cpur,Claviceps_purpurea_20.1,Ascomycota,Pezizomycotina,Clavicipitaceae,32.09,0.50,0.00822,0.00595,0.00127,2.724,2,1.772,8823,1662.308,1401,1233.684,8823,531.096,263,729.774,24030,531.096,263,729.774,24030
Crypa2,Cryphonectria_parasitica_EP155,Ascomycota,Pezizomycotina,Cryphonectriaceae,43.87,0.51,0.02481,0.02144,0.00291,2.911,3,1.801,11609,1647.550,1399,1231.105,11609,486.079,289,586.650,33798,442.023,248,569.380,33252
Csph,Cladosporium_sphaerospermum_UM_843,Ascomycota,Pezizomycotina,Cladosporiaceae,26.69,0.55,0.00414,0.00101,0.00082,2.297,2,1.404,9000,1648.176,1384,1191.940,8807,642.232,339,825.378,20676,652.194,350,828.547,20336
Cucbe1,Cucurbitaria_berberidis_CBS_394.84,Ascomycota,Pezizomycotina,Cucurbitariaceae,32.91,0.49,0.00872,0.00056,0.00349,2.713,2,1.811,12439,1711.204,1464,1213.045,12439,576.342,362,664.360,33752,515.425,298,635.612,33207
Cybja1,Cyberlindnera_jadinii_NRRL_Y-1542,Ascomycota,Saccharomycotina,Phaffomycetaceae,13.02,0.44,0.00131,0.00095,0.00021,1.346,1,0.805,6038,1508.593,1273.5,1050.484,6038,1078.132,899,996.763,8125,980.954,800,956.122,7993
Cylto1,Cylindrobasidium_torrendii_FP15055_ss-10,Basidiomycota,Agaricomycotina,Corticiaceae,31.57,0.52,0.00807,0.00717,0.00082,5.169,4,3.889,13940,1653.722,1425,1090.524,13940,273.387,171,309.783,72058,244.598,150,290.352,70490
Dacsp1,Dacryopinax_sp_DJM-731_SS1,Basidiomycota,Agaricomycotina,Dacrymycetaceae,29.50,0.49,0.00734,0.00546,0.00078,4.833,4,3.761,10242,1663.476,1378,1663.633,10242,287.558,180,347.921,49500,262.960,164,327.683,47123
DalEC12_1,Daldinia_eschscholzii_EC12,Ascomycota,Pezizomycotina,Xylariaceae,37.55,0.45,0.00078,0.00042,0.00010,2.886,2,1.860,11173,1809.691,1590,1158.235,11173,566.606,355,670.753,32240,493.096,270,639.679,31671
Dbae,Dibaeis_baeomyces.v0_1,Ascomycota,Pezizomycotina,Icmadophilaceae,35.27,0.47,0.00334,0.00202,0.00051,2.596,2,1.813,12729,1392.067,1112,1189.594,12729,488.543,271,657.068,33041,488.686,271,657.309,33010
Dekbr2,Dekkera_bruxellensis_CBS_2499,Ascomycota,Saccharomycotina,Pichiaceae,13.39,0.38,0.00125,0.00085,0.00011,1.360,1,0.728,5636,1524.295,1250,1170.924,5636,1049.606,848,918.022,7664,978.230,781,887.537,7596
Delco1,Delitschia_confertaspora_ATCC_74209,Ascomycota,Pezizomycotina,Delitschiaceae,31.16,0.48,0.00959,0.00242,0.00425,2.928,3,1.767,10171,1764.978,1529,1185.688,10171,546.547,335,653.601,29783,478.898,263,627.065,28946
Denbi1,Dendrothele_bispora_CBS_962.96,Basidiomycota,Agaricomycotina,Corticiaceae,130.65,0.43,0.02601,0.02368,0.00177,5.087,4,4.289,33645,1555.392,1226,1374.596,33645,227.423,140,289.597,171165,213.300,132,277.802,167609
Dhan,Debaryomyces_hansenii_CBS_767,Ascomycota,Saccharomycotina,Debaryomycetaceae,12.18,0.36,0.01161,0.01143,0.00009,1.082,1,0.313,6501,1401.055,1178,1087.851,6541,1288.407,1082,1100.722,7034,1335.894,1118,1094.581,6769
Dicsq1,Dichomitus_squalens_LYAD-421_SS1,Basidiomycota,Agaricomycotina,Polyporaceae,42.75,0.51,0.01969,0.01727,0.00065,5.842,5,4.632,12290,1888.832,1561,1440.387,12290,253.014,151,315.632,71796,225.638,138,281.169,68130
Didex1,Didymella_exigua_CBS_183.55,Ascomycota,Pezizomycotina,Didymellaceae,34.39,0.52,0.05983,0.00785,0.04575,2.455,2,1.466,12394,1613.228,1370,1136.725,12394,599.567,380,685.430,30433,528.678,303,656.882,29777
Disac1,Dissoconium_aciculare_CBS_342.82,Ascomycota,Pezizomycotina,Dissoconiaceae,26.54,0.52,0.00452,0.00199,0.00227,2.167,2,1.435,10299,1645.146,1381,1138.021,10299,704.983,431,837.356,22319,617.699,341,793.701,21878
Dotse1,Dothistroma_septosporum_NZE10,Ascomycota,Pezizomycotina,Mycosphaerellaceae,30.21,0.53,0.00173,0.00139,0.00004,2.300,2,1.530,12580,1895.109,1567,1406.056,12580,771.813,432,935.844,28937,582.155,315,751.241,26374
Dotsy1,Dothidotthia_symphoricarpi_CBS_119687,Ascomycota,Pezizomycotina,Dothidotthiaceae,34.43,0.48,0.01114,0.00612,0.00027,2.705,2,1.690,11790,1700.735,1451,1184.892,11790,573.667,359,668.798,31892,509.930,290,641.731,31253
Eder,Exophiala_dermatitidis_NIH_UT8656,Ascomycota,Pezizomycotina,Chaetothyriaceae,26.38,0.51,0.00334,0.00285,0.00031,2.357,2,1.570,9648,2216.779,1903.5,1459.083,9648,892.069,509,1057.903,22740,668.871,349,861.271,21492
Efes,Epichloe_festucae_E894.vM3,Ascomycota,Pezizomycotina,Clavicipitaceae,34.23,0.44,0.04435,0.04249,0.00022,2.909,2,2.162,9914,1859.481,1571.5,1945.480,9914,550.000,297,762.282,28842,484.189,235,724.440,27264
Elat,Eutypa_lata_UCREL1.v1,Ascomycota,Pezizomycotina,Diatrypaceae,51.59,0.48,0.00159,0.00081,0.00037,2.910,3,1.902,11667,1531.936,1310,1052.326,11672,444.945,253,566.044,33955,444.945,253,566.044,33955
Elmca1,Aporpium_caryae_L-13461.Elmca1,Basidiomycota,Agaricomycotina,Aporpiaceae,39.53,0.53,0.02074,0.01978,0.00046,5.154,4,4.413,16571,1452.249,1207,1101.423,16571,230.965,139,285.326,85413,231.032,139,285.471,85245
Enccu1,Encephalitozoon_cuniculi_GB-M1.Enccu1,Microsporidia,Microsporidia,Unikaryonidae,2.50,0.47,0.00347,0.00044,0.00008,1.008,1,0.092,1996,1079.667,851,809.969,1996,1071.340,845,812.218,2011,1071.340,845,812.218,2011
Enche1,Encephalitozoon_hellem_ATCC_50504.Enche1,Microsporidia,Microsporidia,Unikaryonidae,2.25,0.43,0.00844,0.00045,0.00017,1.019,1,0.153,1847,1073.727,854,822.533,1847,1052.619,839,827.343,1883,1052.619,839,827.343,1883
Encin1,Encephalitozoon_intestinalis_ATCC_50506.Encin1,Microsporidia,Microsporidia,Unikaryonidae,2.22,0.42,0.00670,0.00039,0.00013,1.008,1,0.093,1833,1070.826,845,816.012,1833,1062.469,836,818.092,1847,1062.469,836,818.092,1847
Encro1,Encephalitozoon_romaleae_SJ-2008.Encro1,Microsporidia,Microsporidia,Unikaryonidae,2.19,0.40,0.00043,0.00023,0.00011,1.018,1,0.149,1831,1064.339,842,823.748,1831,1044.960,831.5,827.870,1864,1044.960,831.5,827.870,1864
Entbi1,Enterocytozoon_bieneusi_H348.Entbi1,Microsporidia,Microsporidia,Enterocytozoonidae,3.86,0.34,0.19288,0.00264,0.00107,1.000,1,0.000,3632,718.064,584,557.670,3632,718.011,584,557.683,3632,718.011,584,557.683,3632
Epal,Endocarpon_pallidulum_Enpa.v0_1,Ascomycota,Pezizomycotina,Verrucariaceae,41.44,0.43,0.01395,0.00943,0.00255,2.317,2,1.615,11601,1406.122,1143,1129.627,11601,557.657,314,671.714,26874,557.962,314,672.072,26826
Erebi1,Eremomyces_bilateralis_CBS_781.70,Ascomycota,Pezizomycotina,Eremomycetaceae,26.86,0.52,0.00606,0.00180,0.00336,2.794,2,1.779,9881,1469.288,1226,1098.867,9881,474.997,258,643.776,27608,475.248,258,644.148,27566
Exigl1,Exidia_glandulosa_HHB12029,Basidiomycota,Agaricomycotina,Exidiaceae,78.17,0.52,0.01998,0.01885,0.00055,4.738,3,4.235,26139,1436.299,1157,1408.202,26765,235.697,138,302.176,123847,234.371,137,300.894,117960
Exova1,Exobasidium_vaccinii_MPITM,Basidiomycota,Ustilaginomycotina,Exobasidiaceae,16.99,0.43,0.00253,0.00198,0.00036,2.792,2,1.792,7453,1820.142,1564,1175.642,7453,593.512,301,809.566,20809,540.551,253,779.035,20440
Ffuj,Fusarium_fujikuroi_IMI58289,Ascomycota,Pezizomycotina,Nectriaceae,43.83,0.47,0.00941,0.00542,0.00363,2.791,2,1.866,14946,1568.138,1349,1128.076,14946,516.827,292,659.970,41711,518.130,293,660.569,41578
Fgra,Fusarium_graminearum_PH-1,Ascomycota,Pezizomycotina,Nectriaceae,36.35,0.48,0.00114,0.00036,0.00048,3.209,3,2.104,11666,1740.270,1443,1335.895,11673,476.658,241,700.308,37441,476.928,242,700.386,37402
Fibsp1,Fibulorhizoctonia_sp_CBS_109695,Basidiomycota,Agaricomycotina,Atheliaceae,95.13,0.48,0.01395,0.01177,0.00127,4.635,3,3.971,32946,1467.993,1116,1460.232,32946,241.791,153,284.278,152694,221.559,143,269.050,148246
Fishe1,Fistulina_hepatica_ATCC_64428,Basidiomycota,Agaricomycotina,Fistulinaceae,33.85,0.50,0.02767,0.02691,0.00057,5.722,4,4.539,11244,1599.801,1315,1212.402,11244,214.096,134,259.920,64339,214.096,134,259.920,64339
Fomme1,Fomitiporia_mediterranea_MF3-22,Basidiomycota,Agaricomycotina,Hymenochaetaceae,63.35,0.37,0.06722,0.06633,0.00062,6.062,5,4.760,11333,1869.470,1540,1470.652,11333,240.030,140,318.975,68698,218.251,131,292.795,66293
Fompi3,Fomitopsis_pinicola_FP-58527_SS1,Basidiomycota,Agaricomycotina,Fomitopsidaceae,41.61,0.53,0.00961,0.00833,0.00064,5.563,4,4.511,13885,1651.005,1350,1319.716,13885,229.192,143,276.620,77240,220.566,137,271.282,76159
Frad,Fibroporia_radiculosa_TFFH_294,Basidiomycota,Agaricomycotina,Polyporaceae,28.33,0.51,0.01710,0.01569,0.00054,6.489,5,5.248,9262,1815.789,1480.5,1376.128,9262,219.705,133,286.161,60105,219.705,133,286.161,60105
Galma1,Galerina_marginata_CBS_339.88,Basidiomycota,Agaricomycotina,Strophariaceae,59.42,0.47,0.00906,0.00784,0.00066,5.298,4,4.650,21461,1628.413,1348,1277.872,21461,247.102,146,317.610,113698,223.925,132,300.979,109877
Ganpr1,Gonapodya_prolifera_JEL478,Chytridiomycota,Chytridiomycetes,Gonapodyaceae,48.79,0.52,0.00279,0.00247,0.00027,5.577,5,4.323,13902,1816.855,1540,1283.037,13902,247.967,156,296.558,77525,227.267,143,281.209,75719
Gansp1,Ganoderma_sp_10597_SS1,Basidiomycota,Agaricomycotina,Ganodermataceae,39.52,0.54,0.01446,0.01238,0.00136,5.823,5,4.463,12910,1793.019,1540,1228.315,12910,240.629,147,293.218,75170,223.640,135,283.404,73644
Gcla,Grosmannia_clavigera_kw1407,Ascomycota,Pezizomycotina,Ophiostomataceae,28.81,0.53,0.00683,0.00579,0.00044,2.855,2,1.843,8312,1865.272,1538,1378.836,8312,573.036,296,754.084,23727,573.036,296,754.084,23727
Gloci1,Glomerella_cingulata_23,Ascomycota,Pezizomycotina,Glomerellaceae,58.84,0.52,0.02835,0.01129,0.01346,2.787,2,1.855,18975,1602.931,1375,1104.699,18975,514.680,317,613.303,52886,471.379,275,592.156,51929
Gloin1,Rhizophagus_irregularis_DAOM_181602,Mucoromycota,Glomeromycotina,Glomeraceae,91.08,0.28,0.05527,0.01395,0.03287,3.463,2,3.029,30282,1187.434,932,989.224,30282,256.070,150,328.268,104876,237.329,140,315.204,102856
Glost2,Glonium_stellatum,Ascomycota,Pezizomycotina,Gloniaceae,40.52,0.48,0.00506,0.00185,0.00115,3.208,3,2.193,11703,1690.855,1370,1386.924,11639,451.657,255,606.210,37540,452.621,256,606.797,37420
Glotr1_1,Gloeophyllum_trabeum_ATCC_11539,Basidiomycota,Agaricomycotina,Gloeophyllaceae,37.18,0.49,0.01319,0.01211,0.00056,6.144,5,4.948,11846,1802.498,1499,1400.851,11846,231.034,145,282.588,72787,213.037,133,266.537,69834
Gloz,Glarea_lozoyensis_74030,Ascomycota,Pezizomycotina,Helotiaceae,39.51,0.45,0.00614,0.00558,0.00025,2.968,3,2.059,13083,1592.579,1315.5,1179.723,13094,484.794,275,621.625,38836,484.794,275,621.625,38836
Gscr,Graphis_scripta_CBS_132367.v0_1,Ascomycota,Pezizomycotina,Graphidaceae,36.22,0.46,0.01141,0.00764,0.00284,2.707,2,1.934,13065,1397.261,1148,1109.769,13065,455.609,270,556.242,35368,455.608,270,556.444,35315
Gymau1,Gymnascella_aurantiaca,Ascomycota,Pezizomycotina,Gymnoascaceae,25.35,0.51,0.00750,0.00234,0.00435,3.118,3,2.047,9106,1789.188,1520.5,1229.019,9106,515.405,300.5,645.389,28388,460.074,247,619.646,28076
Gymci1_1,Gymnascella_citrina_NRRL_5970,Ascomycota,Pezizomycotina,Gymnoascaceae,25.16,0.52,0.00643,0.00344,0.00197,2.993,3,2.016,9779,1718.392,1454,1206.655,9779,518.830,314,634.781,29268,452.193,248,607.406,28672
Gymlu1,Gymnopus_luxurians,Basidiomycota,Agaricomycotina,Omphalotaceae,66.28,0.44,0.01939,0.01795,0.00099,5.261,4,4.547,22057,1564.988,1261,1463.842,22057,233.301,142,288.795,116032,212.617,130,273.373,112874
Gyrli1,Gyrodon_lividus_BX,Basidiomycota,Agaricomycotina,Gyrodontaceae,43.05,0.48,0.09743,0.09065,0.00577,5.754,4,4.693,11779,1724.178,1436,1393.416,11779,238.330,151,287.101,67772,209.360,134,265.464,65628
Hebcy2,Hebeloma_cylindrosporum_h7,Basidiomycota,Agaricomycotina,Cortinariaceae,38.23,0.46,0.01100,0.01001,0.00070,5.242,4,4.577,15382,1626.683,1353,1237.348,15382,254.031,154,312.487,80629,227.068,137,293.892,78079
Hesve2finisherSC,Hesseltinella_vesiculosa_NRRL_3301,Mucoromycota,Mucoromycotina,Cunninghamellaceae,27.22,0.46,0.00912,0.00263,0.00331,4.473,4,3.482,11141,1465.577,1186,1200.717,11141,267.865,162,321.440,49832,267.976,162,321.604,49753
Hetan2,Heterobasidion_annosum_TC_32-1,Basidiomycota,Agaricomycotina,Bondarzewiaceae,33.65,0.52,0.02951,0.02639,0.00065,5.391,4,4.686,13383,1596.494,1283,1316.268,13383,231.116,144,284.567,72148,215.070,136,269.287,70435
Hetpy1,Heterogastridium_pycnidioideum_ATCC_MYA-4631,Basidiomycota,Pucciniomycotina,Heterogastridiaceae,17.58,0.43,0.00448,0.00426,0.00012,6.079,5,4.212,7658,1736.909,1492,1126.327,7658,245.008,153,277.941,46555,222.982,137,264.822,45516
Hfra,Hymenoscyphus_fraxineus_KW1.v1,Ascomycota,Pezizomycotina,Helotiaceae,63.13,0.40,0.01184,0.01018,0.00022,3.391,3,2.102,10405,2253.967,1926,1392.362,10405,588.878,360,687.206,35288,476.983,257,634.992,33086
Hpol,Homoloaphlyctis_polyrhiza_JEL142.v2,Chytridiomycota,Chytridiomycetes,Rhizophydiales,21.32,0.43,0.00740,0.00413,0.00255,4.127,3,3.165,7123,1605.026,1267,1294.882,7123,277.522,172,336.526,29394,277.444,172,336.585,29373
Hwer,Hortaea_werneckii_EXF-2000.v2_M0,Ascomycota,Pezizomycotina,,49.94,0.53,0.01927,0.01608,0.00024,2.268,2,1.404,15896,1655.427,1412,1107.657,15748,667.386,359,829.327,36059,671.985,363,830.665,35792
Hydpi2,Hydnomerulius_pinastri,Basidiomycota,Agaricomycotina,Paxillaceae,38.28,0.47,0.01919,0.01650,0.00202,5.835,4,4.846,13270,1708.785,1400,1366.969,13270,230.663,144,282.221,77435,212.569,134,269.330,75720
Hypsu1,Hypholoma_sublateritium,Basidiomycota,Agaricomycotina,Strophariaceae,48.03,0.49,0.01068,0.00907,0.00122,5.287,4,4.569,17911,1628.484,1343,1209.206,17911,248.493,150,308.318,94703,225.095,137,287.596,91985
Hyspu1_1,Hysterium_pulicare_CBS_123377.Hyspu1_1,Ascomycota,Pezizomycotina,Hysteriaceae,38.43,0.49,0.00097,0.00041,0.00013,3.143,3,2.223,10010,1726.254,1402,1285.623,12352,481.459,270,617.571,31460,529.905,301,662.572,20908
Ilysp1,Ilyonectria_sp_PMI-82,Ascomycota,Pezizomycotina,Nectriaceae,63.66,0.51,0.01579,0.00363,0.00838,2.811,2,1.980,22250,1607.755,1376,1209.175,22250,514.079,322,613.767,62539,464.803,275,591.221,61367
Jaaar1,Jaapia_argillacea_MUCL_33604,Basidiomycota,Agaricomycotina,Jaapiaceae,45.05,0.48,0.01819,0.01645,0.00090,5.533,4,4.689,16419,1666.562,1401,1212.040,16419,243.890,151,296.066,90839,219.375,135,279.933,88011
Jamsp1,Jaminaea_sp_MCA_5214,Basidiomycota,Ustilaginomycotina,,16.62,0.59,0.00057,0.00045,0.00010,2.384,2,1.474,6858,1751.228,1432.5,1288.241,6858,679.259,334,940.164,16347,679.503,334,940.510,16322
Kafr,Kazachstania_africana_CBS_2517,Ascomycota,Saccharomycotina,Saccharomycetaceae,11.13,0.36,0.00215,0.00154,0.00010,1.045,1,0.212,5649,1396.591,1142,1090.085,5670,1333.929,1103,1105.681,5903,1406.907,1154,1092.685,5579
Karrh1,Karstenula_rhodostoma_CBS_690.94,Ascomycota,Pezizomycotina,Didymosphaeriaceae,45.07,0.47,0.01461,0.00826,0.00014,2.707,2,1.723,15043,1674.464,1427,1292.403,15043,559.833,359,637.650,40718,487.931,289,604.256,39804
Kcap,Kuraishia_capsulata_CBS_1993,Ascomycota,Saccharomycotina,,11.37,0.46,0.00140,0.00056,0.00025,1.000,1,0.000,6029,1399.396,1184,1025.871,6029,1399.396,1184,1025.871,6029,1176.920,1001,1055.558,7092
Klac,Kluyveromyces_lactis_NRRL_Y-1140,Ascomycota,Saccharomycotina,Saccharomycetaceae,10.69,0.39,0.00411,0.00250,0.00009,1.041,1,0.202,5302,1401.074,1174.5,1065.837,5348,1345.862,1130,1081.804,5517,1407.299,1181,1069.887,5251
Kpas,Komagataella_pastoris_GS115,Ascomycota,Saccharomycotina,Phaffomycetaceae,9.22,0.41,0.00117,0.00057,0.00023,1.115,1,0.343,5040,1441.612,1197,1033.272,5041,1283.012,1085,1036.969,5618,1283.012,1085,1036.969,5618
Lacam1,Laccaria_amethystina_LaAM-08-1,Basidiomycota,Agaricomycotina,Tricholomataceae,52.20,0.43,0.04954,0.04405,0.00478,4.494,3,4.058,21066,1384.382,1025,1273.033,21066,245.143,154,297.104,94674,221.768,139,282.995,90583
Lacbi2,Laccaria_bicolor_S238N-H82,Basidiomycota,Agaricomycotina,Tricholomataceae,60.71,0.46,0.08092,0.07521,0.00429,5.277,4,4.328,23132,1548.268,1190,1348.672,23132,219.484,134,282.419,122070,209.286,129,271.205,117339
Lcor,Lichtheimia_corymbifera_FSU_9682,Mucoromycota,Mucoromycotina,Lichtheimiaceae,33.53,0.40,0.00488,0.00391,0.00072,4.943,4,4.007,13551,1571.582,1299,1254.019,13551,261.619,151,351.257,66986,258.375,150,338.622,66839
Lelo,Lodderomyces_elongisporus_NRRL_YB-4239,Ascomycota,Saccharomycotina,Debaryomycetaceae,15.51,0.37,0.02153,0.01888,0.00052,1.009,1,0.095,5904,1505.165,1244,1071.331,5907,1489.299,1232,1076.524,5956,1514.458,1253,1069.422,5851
Lenfl1,Lentithecium_fluviatile_CBS_122367,Ascomycota,Pezizomycotina,Lentitheciaceae,54.69,0.46,0.05840,0.05552,0.00268,2.689,2,1.740,16742,1582.990,1326,1204.651,16742,526.384,330,617.908,45014,469.160,275,588.987,44312
Lenti6_1,Lentinus_tigrinus_ALCF2SS1-6,Basidiomycota,Agaricomycotina,Lentinaceae,39.88,0.56,0.00738,0.00548,0.00082,5.396,4,4.477,15581,1564.614,1320,1226.721,15581,227.478,138,281.068,84079,227.591,138,281.219,83938
Leppa1,Lepidopterella_palustris,Ascomycota,Pezizomycotina,Argynnaceae,45.67,0.46,0.02530,0.01647,0.00849,3.016,2,2.112,13870,1642.970,1398,1188.426,13870,484.585,294,598.210,41837,429.376,240,571.501,40922
Leumo1,Leucogyrophana_mollusca_KUC20120723A-06,Basidiomycota,Agaricomycotina,,35.19,0.52,0.01921,0.01656,0.00187,5.887,4,4.884,14619,1693.047,1420,1228.857,14619,232.328,143,286.548,86061,207.292,129,267.484,83364
Lichy1,Lichtheimia_hyalospora_FSU_10163,Mucoromycota,Mucoromycotina,Lichtheimiaceae,33.28,0.39,0.00220,0.00163,0.00047,4.987,4,3.766,12062,1639.139,1381,1185.656,12062,272.355,163,338.539,60157,253.243,151,326.196,59380
Linpe1,Linderina_pennispora_ATCC_12442,Zoopagomycota,Kickxellomycotina,Kickxellaceae,26.20,0.54,0.00286,0.00176,0.00025,2.286,1,2.722,9331,1273.527,982,1155.366,9331,505.519,299,629.172,21335,506.626,300.5,629.944,21252
Lmac,Leptosphaeria_maculans_JN3,Ascomycota,Pezizomycotina,Leptosphaeriaceae,44.59,0.44,0.11453,0.10551,0.00086,2.823,2,1.856,12469,1444.929,1161,1243.987,12472,444.718,213,646.662,35201,444.718,213,646.662,35201
Lopma1,Lophiostoma_macrostomum_CBS_122681,Ascomycota,Pezizomycotina,Lophiostomataceae,42.58,0.51,0.01360,0.00522,0.00817,2.744,2,1.784,16160,1627.413,1399,1104.000,16160,539.221,342,629.646,44346,482.982,287,600.956,43384
Lopmy1,Lophium_mytilinum_CBS_269.34,Ascomycota,Pezizomycotina,Mytilinidiaceae,43.41,0.50,0.00619,0.00544,0.00015,2.879,2,1.936,15153,1687.583,1451,1124.819,15153,529.029,336,609.644,43632,465.211,273,577.487,42693
Lorju1,Loramyces_juncicola_46458,Ascomycota,Pezizomycotina,Loramycetaceae,42.68,0.46,0.02130,0.01032,0.00648,3.021,3,2.057,14372,1469.148,1221,1109.283,14372,431.297,247,559.103,43420,431.523,248,559.362,43347
Macfu1,Macrolepiota_fuliginosa,Basidiomycota,Agaricomycotina,Agaricaceae,46.40,0.47,0.04522,0.04303,0.00130,5.389,4,4.588,15801,1575.030,1305,1198.857,15801,234.847,143,292.529,85149,213.123,131,274.291,83327
Mani,Metarhizium_anisopliae_ARSEF_23,Ascomycota,Pezizomycotina,Clavicipitaceae,39.06,0.51,0.00449,0.00169,0.00141,2.661,2,1.794,10725,1677.730,1388,1318.879,10729,563.200,317,736.694,28544,567.168,321,738.127,28326
Marpt1,Martensiomyces_pterosporus_CBS_209.56,Zoopagomycota,Kickxellomycotina,Kickxellaceae,19.82,0.54,0.00304,0.00239,0.00049,1.563,1,1.178,8435,1358.123,1031,1259.393,8435,780.194,509,916.007,13186,781.294,509,916.563,13149
Mbru,Marssonina_brunnea_f._sp._multigermtubi_MB_m1,Ascomycota,Pezizomycotina,Dermateaceae,51.60,0.43,0.03459,0.03368,0.00016,3.468,3,2.226,10027,1781.403,1443,1302.326,10035,428.940,224,599.521,34774,428.940,224,599.521,34774
Meimi1,Meira_miltonrushii_CBS_12591,Basidiomycota,Ustilaginomycotina,Curculionidae,17.38,0.43,0.00128,0.00069,0.00019,1.608,1,1.151,7375,1600.354,1322,1180.665,7452,945.642,581,1070.748,11859,940.733,591,1058.162,11533
Melbi2,Meliniomyces_bicolor_E,Ascomycota,Pezizomycotina,Helotiaceae,82.38,0.38,0.02428,0.01854,0.00068,2.956,2,2.030,18619,1636.396,1381,1219.986,18619,493.095,308,582.999,55044,437.648,257,555.475,53732
Mellp1,Melampsora_laricis-populina_98AG31,Basidiomycota,Pucciniomycotina,Melampsoraceae,101.13,0.40,0.20810,0.13084,0.06946,4.900,4,3.549,16694,1684.486,1395,1241.343,16694,248.847,149,300.262,81800,234.013,140,289.289,80574
Melpu1,Melanomma_pulvis-pyrius_CBS_109.77,Ascomycota,Pezizomycotina,Melanommataceae,42.09,0.51,0.01198,0.00651,0.00485,2.767,2,1.830,15881,1628.800,1389,1154.921,15881,536.574,342,631.093,43935,478.562,283,604.532,43257
Melsp1,Melanconium_sp_NRRL_54901,Ascomycota,Pezizomycotina,Melanconidaceae,58.52,0.48,0.00987,0.00793,0.00171,2.679,2,1.730,16656,1643.241,1364,1330.204,16656,528.639,324,640.662,44629,475.007,275,616.587,43998
Melva1,Meliniomyces_variabilis_F,Ascomycota,Pezizomycotina,Helotiaceae,55.86,0.48,0.00536,0.00448,0.00038,3.038,3,2.070,20389,1661.875,1441,1105.913,20389,491.529,310,565.783,61938,441.985,263,539.669,60799
Mfar,Millerozyma_farinosa_CBS_7064,Ascomycota,Saccharomycotina,Debaryomycetaceae,21.46,0.41,0.00140,0.00045,0.00014,1.075,1,0.292,11571,1430.449,1202,1083.019,11587,1319.939,1103,1103.286,12440,1366.848,1142,1096.302,11976
Mfru,Metschnikowia_fructicola_277,Ascomycota,Saccharomycotina,Metschnikowiaceae,24.48,0.46,0.02559,0.00891,0.00328,1.155,1,0.402,7708,1218.173,986,946.097,7362,978.365,779,888.627,8905,1020.104,821,887.650,8478
Mglo,Malassezia_globosa,Basidiomycota,Ustilaginomycotina,Malasseziaceae,8.93,0.52,0.00184,0.00068,0.00047,1.489,1,0.965,4280,1486.792,1220,1058.223,4283,974.633,667,1054.110,6371,974.633,667,1054.109,6371
Mgui,Meyerozyma_guilliermondii_ATCC_6260,Ascomycota,Saccharomycotina,Debaryomycetaceae,10.61,0.44,0.00166,0.00044,0.00015,1.002,1,0.050,6056,1370.050,1160,965.408,6067,1368.273,1157,966.288,6071,1397.875,1181,957.072,5935
Mictr1,Microascus_trigonosporus_CBS_218.31,Ascomycota,Pezizomycotina,Microascaceae,36.10,0.56,0.00392,0.00090,0.00260,2.874,2,2.030,13087,1474.381,1237,1089.063,13087,452.399,253,586.298,37613,452.424,253,586.426,37572
Mixos1,Mixia_osmundae_IAM_14324,Basidiomycota,Pucciniomycotina,Mixiaceae,13.63,0.55,0.00255,0.00014,0.00003,4.545,4,2.947,6903,1836.150,1527,1339.147,6903,354.258,183,444.547,31373,334.498,169,434.970,30850
Monha1,Monacrosporium_haptotylum_CBS_200.50.Monha1,Ascomycota,Pezizomycotina,Orbiliaceae,39.53,0.45,0.00231,0.00158,0.00014,3.309,3,2.375,10959,1804.669,1441,1412.386,10959,468.910,257,615.650,36264,468.910,257,615.650,36264
Monpu1,Monascus_purpureus_NRRL_1596,Ascomycota,Pezizomycotina,Aspergillaceae,23.44,0.49,0.01997,0.00295,0.01526,3.195,3,2.123,8918,1814.000,1564.5,1252.275,8918,507.936,298,651.142,28491,448.646,238,624.747,27852
Monru1,Monascus_ruber_NRRL_1597,Ascomycota,Pezizomycotina,Aspergillaceae,24.80,0.49,0.01825,0.00383,0.00798,3.131,3,2.110,9650,1767.781,1514,1260.378,9650,506.110,300,647.158,30214,445.615,239,622.646,29414
Morco1,Morchella_conica_CCBAS932,Ascomycota,Pezizomycotina,Morchellaceae,48.21,0.46,0.01075,0.00833,0.00088,3.459,3,2.452,11600,1666.857,1390,1216.748,11600,411.652,256,485.114,40124,362.933,206,464.708,39248
Morel1,Mortierella_elongata,Mucoromycota,Mortierellomycotina,Mortierellaceae,49.96,0.47,0.00389,0.00091,0.00065,3.471,3,2.703,14964,1955.616,1677,1427.941,14964,430.926,238,545.759,51939,395.321,206,528.813,51137
Mory,Magnaporthe_oryzae_70-15,Ascomycota,Pezizomycotina,Magnaporthaceae,40.49,0.52,0.08939,0.05226,0.01980,2.759,2,1.635,13064,1992.026,1724.5,1461.954,13074,643.973,362,824.859,36047,489.110,232,711.334,34607
Mucci2,Mucor_circinelloides_CBS277.49,Mucoromycota,Mucoromycotina,Mucoraceae,36.59,0.42,0.00826,0.00420,0.00237,3.777,3,2.585,11719,1428.336,1168,1292.530,11719,310.436,175,398.398,44261,303.294,170,395.537,43844
Mutel1,Mutinus_elegans_ME.BST,Basidiomycota,Agaricomycotina,Phallaceae,52.78,0.41,0.05012,0.04624,0.00126,5.661,4,4.788,14625,1433.128,1166,1161.229,14626,198.149,126,247.549,82795,198.142,126,247.521,82606
Mver,Mortierella_verticillata_NRRL_6337,Mucoromycota,Mortierellomycotina,Mortierellaceae,41.91,0.48,0.00392,0.00144,0.00045,3.729,3,2.825,12880,2057.611,1776,1458.996,12880,443.879,242,559.286,48026,414.433,213,545.155,47140
Mvio,Microbotryum_violaceum_p1A1_Lamole,Basidiomycota,Pucciniomycotina,Microbotryaceae,25.21,0.53,0.02201,0.02025,0.00014,5.639,5,3.175,7818,2423.811,2182,1401.804,7818,345.738,194,431.222,44084,295.013,151,402.945,42516
Mycfi2,Mycosphaerella_fijiensis_CIRAD86,Ascomycota,Pezizomycotina,Mycosphaerellaceae,74.14,0.45,0.05319,0.04667,0.00037,3.625,2,4.260,13107,1832.252,1365,1914.880,13107,394.354,151,628.590,47511,356.856,138,592.016,46971
Mycgr3,Mycosphaerella_graminicola_IPO323,Ascomycota,Pezizomycotina,Mycosphaerellaceae,39.69,0.52,0.02779,0.01986,0.00048,2.612,2,1.770,10933,1599.402,1312,1277.580,10933,528.574,298,676.894,28552,503.661,266,671.889,28248
Myrdu1,Myriangium_duriaei_CBS_260.36,Ascomycota,Pezizomycotina,Myriangiaceae,25.69,0.52,0.00092,0.00068,0.00009,2.370,2,1.502,10685,1640.163,1384,1241.266,10685,649.274,394,830.192,25327,581.974,323,805.284,24962
Naifl1,Naiadella_fluitans_ATCC_64713,Basidiomycota,Pucciniomycotina,,52.67,0.44,0.02069,0.01868,0.00039,5.336,4,4.491,13270,1781.299,1448,1366.542,13270,255.037,147,329.328,70814,233.492,132,316.152,68751
Nbac,Nakaseomyces_bacillisporus_CBS_7720,Ascomycota,Saccharomycotina,Saccharomycetaceae,11.11,0.36,0.00128,0.00109,0.00010,1.027,1,0.165,5357,1436.208,1196,1092.518,5357,1392.547,1166,1102.056,5500,1468.018,1224.5,1086.174,5196
Ncra,Neurospora_crassa_OR74A,Ascomycota,Pezizomycotina,Sordariaceae,38.37,0.50,0.01702,0.00306,0.00065,2.694,2,1.578,10240,1702.042,1466,1256.709,10249,545.788,256,749.929,27585,531.182,239,746.474,27005
Ndel,Nakaseomyces_delphensis_CBS_2170,Ascomycota,Saccharomycotina,Saccharomycetaceae,10.97,0.39,0.00138,0.00063,0.00011,1.026,1,0.168,5412,1425.352,1181,1104.852,5413,1383.541,1149.5,1113.057,5552,1467.740,1223,1096.691,5206
Nempa1,Nematocida_parisii_ERTm1.Nempa1,Microsporidia,Microsporidia,,4.07,0.34,0.00099,0.00025,0.00006,1.001,1,0.027,2661,1165.076,923,875.218,2661,1164.168,923,874.736,2663,1101.795,848,868.897,2663
Neole1,Neolentinus_lepideus_HHB14362_ss-1,Basidiomycota,Agaricomycotina,Gloeophyllaceae,35.64,0.49,0.03011,0.02933,0.00062,5.713,4,4.706,13164,1674.099,1421,1214.943,13164,237.221,148,284.780,75210,213.350,134,266.912,72429
Nhae,Nectria_haematococca_FGSC_9596,Ascomycota,Pezizomycotina,Nectriaceae,51.08,0.51,0.01427,0.00445,0.00803,3.081,3,1.996,15708,1673.380,1454,1098.696,15718,487.011,281,614.127,48400,468.577,265,603.818,48223
Nieex1,Niesslia_exilis_CBS_358.70,Ascomycota,Pezizomycotina,Niessliaceae,35.38,0.55,0.00065,0.00022,0.00018,2.747,2,1.954,13499,1544.425,1271,1329.914,13499,508.271,287,694.171,37080,508.531,287,694.352,37032
Nirr,Neolecta_irregularis_DAH-1.v1,Ascomycota,Taphrinomycotina,Neolectaceae,14.59,0.44,0.03650,0.03104,0.00277,5.276,5,3.594,6674,1851.221,1558,1313.681,6674,317.480,208,341.493,35212,265.094,173,302.010,32350
Nosce1,Nosema_ceranae_BRL01.Nosce1,Microsporidia,Microsporidia,Nosematidae,7.86,0.25,0.04186,0.00946,0.02497,1.003,1,0.054,2060,981.170,773,708.859,2060,978.231,768.5,709.847,2066,978.231,768.5,709.847,2066
Oidma1,Oidiodendron_maius_Zn,Ascomycota,Pezizomycotina,Myxotrichaceae,46.43,0.47,0.01263,0.00708,0.00318,2.972,3,1.964,16703,1576.586,1341,1140.138,16703,470.647,290,560.068,49633,435.762,257,543.525,49246
Ompol1,Omphalotus_olearius_VT_653.13.Ompol1,Basidiomycota,Agaricomycotina,Omphalotaceae,28.15,0.47,0.00950,0.00846,0.00100,7.321,6,5.866,8171,2029.634,1582,1626.463,8171,207.141,127,267.974,59820,207.141,127,267.974,59820
Opar,Ogataea_parapolymorpha_DL-1,Ascomycota,Saccharomycotina,Pichiaceae,8.87,0.48,0.00340,0.00263,0.00013,1.093,1,0.321,5408,1395.150,1190,986.756,5408,1270.454,1091,1010.784,5913,1288.079,1103,1006.991,5823
Opic,Ophiostoma_piceae_UAMH_11346,Ascomycota,Pezizomycotina,Ophiostomataceae,32.76,0.53,0.00142,0.00067,0.00023,2.259,2,1.472,8884,1827.506,1534,1289.874,8884,740.346,379,946.435,20072,741.891,381,947.378,19991
Opil,Ophiostoma_piliferum,Ascomycota,Pezizomycotina,Ophiostomataceae,27.26,0.53,0.01393,0.01145,0.00093,2.572,2,1.577,6448,1817.916,1468,1406.985,6267,596.147,326,772.386,16587,604.281,334,775.275,16333
Orpsp1_1,Orpinomyces_sp_C1A.Orpsp1_1,Neocallimastigomycota,Neocallimastigomycetes,Neocallimastigaceae,100.95,0.17,0.18708,0.06126,0.00075,3.012,2,2.904,18045,1487.231,1167,1282.178,18936,385.282,174,614.795,54357,337.837,152,589.246,39166
Pant,Pseudozyma_antarctica_T-34,Basidiomycota,Ustilaginomycotina,Ustilaginaceae,18.06,0.60,0.00034,0.00025,0.00005,1.723,1,1.243,6657,1943.434,1589,1421.893,6657,1054.796,620,1212.767,11469,1056.243,621.5,1213.080,11452
Patat1,Patellaria_atrata_CBS_101060,Ascomycota,Pezizomycotina,Patellariaceae,28.69,0.46,0.00838,0.00514,0.00236,2.972,3,1.929,9794,1686.620,1433.5,1191.048,9794,508.419,302,645.121,29109,458.117,247,624.300,28538
Paxin1,Paxillus_involutus_ATCC_200175,Basidiomycota,Agaricomycotina,Paxillaceae,58.30,0.42,0.02705,0.02240,0.00291,4.985,4,4.285,17968,1525.839,1162,1618.809,17968,229.997,149,269.532,89577,216.917,140,260.376,88033
Pbra,Paracoccidioides_brasiliensis_Pb18,Ascomycota,Pezizomycotina,,29.87,0.44,0.03003,0.01256,0.01194,3.041,2,2.027,8521,1606.683,1337,1242.891,8521,451.714,224,633.275,25916,451.711,226,630.617,25785
Pchr,Penicillium_chrysogenum_Wisconsin_54-1255,Ascomycota,Pezizomycotina,Aspergillaceae,32.22,0.49,0.01038,0.00333,0.00349,3.120,3,2.010,13039,1337.142,1152,1102.563,16585,424.243,210,605.269,40688,426.023,212,606.062,40437
Pdes,Pseudogymnoascus_destructans_20631-21,Ascomycota,Pezizomycotina,Pseudeurotiaceae,29.49,0.46,0.06449,0.03959,0.02362,2.758,2,1.647,8947,1928.633,1679,1292.505,8947,644.451,378.5,769.444,24674,514.225,271,692.491,23531
Pela,Pseudographis_elatina,Ascomycota,Pezizomycotina,Triblidiaceae,36.12,0.44,0.00176,0.00073,0.00036,3.359,3,2.134,10027,1798.771,1483,1338.471,9970,459.615,254,618.880,33681,460.671,255,619.439,33577
Perma1,Periconia_macrospinosa_DSE2036,Ascomycota,Pezizomycotina,Periconiaceae,54.99,0.46,0.02202,0.01056,0.01083,2.588,2,1.715,18750,1372.656,1138.5,1112.434,18750,474.979,279,600.509,48531,475.312,279,600.907,48441
Pgra,Puccinia_graminis_f._sp._tritici_CRL_75-36-700-3,Basidiomycota,Pucciniomycotina,Pucciniaceae,88.17,0.40,0.24030,0.12460,0.10090,4.455,3,3.545,16415,1696.279,1385.5,1339.571,16424,301.121,172,365.068,73134,265.434,149,338.045,71210
Phaal1,Phaeoacremonium_aleophilum_UCRPA7.Phaal1,Ascomycota,Pezizomycotina,Togniniaceae,47.47,0.50,0.00560,0.00462,0.00060,2.780,2,1.765,8834,1510.796,1273.5,1117.069,8834,477.907,261,624.889,24561,477.907,261,624.889,24561
Phchr2,Phanerochaete_chrysosporium,Basidiomycota,Agaricomycotina,Phanerochaetaceae,35.15,0.53,0.02860,0.02602,0.00064,5.411,4,4.286,13602,1683.461,1415,1177.402,13602,257.866,156,307.821,73603,233.615,143,286.364,71007
Phlbr1,Phlebia_brevispora_HHB-7030_SS6,Basidiomycota,Agaricomycotina,Corticiaceae,49.96,0.48,0.01818,0.01650,0.00104,5.661,4,4.652,16170,1626.371,1346.5,1250.121,16170,223.962,139,273.586,91546,213.804,132,265.932,90327
Phlgi1,Phlebiopsis_gigantea_11061_1_CR5-6,Basidiomycota,Agaricomycotina,Phanerochaetaceae,30.14,0.54,0.00834,0.00751,0.00031,5.998,5,4.576,11891,1712.794,1458,1183.320,11891,229.094,144,274.038,71317,211.115,133,260.355,69148
Phybl2,Phycomyces_blakesleeanus_NRRL_1555,Mucoromycota,Mucoromycotina,Phycomycetaceae,53.94,0.35,0.03742,0.00868,0.02655,4.532,4,3.490,16528,1626.701,1319,1223.805,16528,247.901,149,322.004,74903,234.886,142,310.171,74160
Picst3,Pichia_stipitis_CBS_6054,Ascomycota,Saccharomycotina,Pichiaceae,15.44,0.41,0.00726,0.00655,0.00025,1.445,1,0.901,5807,1623.400,1343,1125.990,5807,1083.053,872,994.611,8390,1024.550,815,956.067,8365
Pieho1_1,Piedraia_hortae_CBS_480.64,Ascomycota,Pezizomycotina,Piedraiaceae,16.95,0.52,0.00698,0.00430,0.00090,1.836,2,1.186,7572,1454.244,1201,1081.206,7572,756.119,455,877.904,13903,686.562,383,845.982,13538
Pilcr1,Piloderma_croceum_F_1598,Basidiomycota,Agaricomycotina,Atheliaceae,59.33,0.41,0.01802,0.01514,0.00183,4.750,3,4.151,21583,1451.829,1108,1255.025,21583,246.309,155,295.343,102528,218.418,138,278.046,97851
Pino,Protomyces_inouyei,Ascomycota,Taphrinomycotina,Protomycetaceae,12.20,0.51,0.01111,0.00827,0.00068,1.719,1,1.045,4345,1545.229,1239.5,1192.188,4306,848.700,591,897.768,7469,853.873,600,898.395,7419
PirE2_1,Piromyces_sp_E2,Neocallimastigomycota,Neocallimastigomycetes,Neocallimastigaceae,71.02,0.13,0.00793,0.00526,0.00013,3.088,2,2.753,14648,1673.146,1179.5,1800.259,14648,382.190,163,635.485,45229,376.236,161,631.169,45088
Pirin1,Piriformospora_indica_DSM_11827.Pirin1,Basidiomycota,Agaricomycotina,,24.98,0.50,0.00828,0.00664,0.00046,5.157,4,4.031,11767,1550.128,1282,1172.530,11767,253.531,145,335.093,60685,253.531,145,335.093,60685
Pisti1,Pisolithus_tinctorius_Marx_270,Basidiomycota,Agaricomycotina,Pisolithaceae,71.01,0.42,0.08244,0.07773,0.00389,4.108,3,3.865,22701,1275.516,923,1310.466,22701,246.019,164,275.731,93250,221.594,149,259.218,88806
Pjir,Pneumocystis_jirovecii_SE8,Ascomycota,Taphrinomycotina,Pneumocystidaceae,8.13,0.28,0.00364,0.00129,0.00027,5.426,5,4.016,3766,1415.576,1094,1274.437,3768,210.271,134,270.193,20435,210.306,133,270.641,20198
Pkud,Pichia_kudriavzevii_SD108.v1,Ascomycota,Saccharomycotina,Pichiaceae,12.11,0.37,0.00468,0.00403,0.00020,1.280,1,0.603,5656,1513.807,1190,1210.894,5656,1133.298,930,947.615,7238,1133.270,930,947.618,7238
PleosPC15_2,Pleurotus_ostreatus_PC15,Basidiomycota,Agaricomycotina,Pleurotaceae,34.34,0.51,0.02394,0.02008,0.00183,6.086,5,4.762,12330,1703.829,1393,1285.959,12330,216.772,136,274.164,75035,207.342,130,266.264,74124
Plesi1,Pleomassaria_siparia_CBS_279.74,Ascomycota,Pezizomycotina,Pleomassariaceae,43.18,0.47,0.02204,0.02049,0.00027,2.810,2,1.915,13486,1664.571,1417,1230.421,13486,523.486,318,632.281,37895,463.009,257,603.652,37101
Plicr1,Plicaturopsis_crispa_CBS_459.81,Basidiomycota,Agaricomycotina,,34.50,0.52,0.01074,0.00942,0.00051,5.843,4,4.783,13626,1727.242,1459,1235.722,13626,237.859,147,287.569,79621,217.352,134,273.087,76774
Podan2,Podospora_anserina_S_mat+.Podan2,Ascomycota,Pezizomycotina,Lasiosphaeriaceae,35.01,0.52,0,0,0,2.322,2,1.363,10588,1623.307,1358,1178.992,10588,653.666,374,811.969,24583,653.666,374,811.969,24583
Polci1,Polychaeton_citri_CBS_116435,Ascomycota,Pezizomycotina,Capnodiaceae,27.21,0.52,0.00613,0.00502,0.00067,2.120,2,1.463,10582,1657.211,1403,1145.704,10582,736.289,448,869.015,22439,644.669,351,825.125,22026
Polfu1,Polyplosphaeria_fusca_CBS_125425,Ascomycota,Pezizomycotina,Tetraplosphaeriaceae,37.01,0.53,0.00714,0.00252,0.00432,2.637,2,1.745,15194,1414.908,1185,1058.063,15194,487.245,290,602.962,40070,487.334,290,602.953,40010
PosplRSB12_1,Postia_placenta_MAD_698-R,Basidiomycota,Agaricomycotina,Coriolaceae,42.45,0.50,0.12482,0.12344,0.00005,6.232,5,4.843,12541,1855.680,1491,1465.802,12541,214.734,134,261.294,78157,207.366,129,255.966,77533
Pstr,Punctularia_strigosozonata_HHB-11173_SS5,Basidiomycota,Agaricomycotina,Punctulariaceae,34.12,0.53,0.02035,0.01911,0.00073,6.179,5,5.006,11645,1840.344,1526,1363.896,11653,238.987,143,303.999,71958,219.800,133,285.156,68998
Ptri,Pyrenophora_tritici-repentis,Ascomycota,Pezizomycotina,Pleosporaceae,37.83,0.50,0.05558,0.03115,0.01710,2.674,2,1.527,12273,1602.467,1356,1175.484,12277,527.227,298,665.211,32821,504.659,272,658.931,32460
Pucst1,Puccinia_striiformis_f_sp_tritici_PST-130.Pucst1,Basidiomycota,Pucciniomycotina,Pucciniaceae,64.78,0.44,0.19984,0.07910,0.09751,3.816,3,2.801,18021,1268.752,953,1092.375,18021,251.462,144,323.635,68760,251.469,144,323.637,68758
Pyrco1,Pyronema_confluens_CBS_100304.Pyrco1,Ascomycota,Pezizomycotina,Pyronemataceae,50.03,0.48,0.03322,0.03026,0.00013,2.686,2,1.759,13367,1672.801,1357,1252.787,13367,405.869,207,540.097,35901,405.869,207,540.097,35901
Rall,Rozella_allomycis_CSF55,Cryptomycota,Cryptomycota,Rozellacae,11.25,0.34,0.01042,0.00936,0.00024,4.339,4,3.274,6023,1354.721,1021,1237.737,6023,275.846,163,369.778,26136,275.024,162,368.309,26083
Ramac1,Ramaria_rubella_UT-36052-T,Basidiomycota,Agaricomycotina,Gomphaceae,105.46,0.42,0.08736,0.08444,0.00204,5.526,4,4.881,19287,1459.265,1138,1320.571,19287,209.544,136,244.434,106579,189.581,124,227.681,102259
Rambr1,Ramicandelaber_brevisporus_CBS_109374,Zoopagomycota,Kickxellomycotina,Kickxellaceae,25.53,0.42,0.00401,0.00245,0.00130,1.446,1,1.391,9281,1349.052,1034,1216.442,9281,866.783,578,956.703,13419,867.885,580,957.420,13384
Rdel,Rhizopus_delemar_RA_99-880,Mucoromycota,Mucoromycotina,Rhizopodaceae,46.09,0.35,0.15511,0.07396,0.07950,3.289,3,2.466,17702,1196.781,924,1070.342,17702,308.163,164,449.388,58217,308.893,165,448.913,57973
Rhich1,Rhizopus_microsporus_var_chinensis_CCTCC_M201021.Rhich1,Mucoromycota,Mucoromycotina,Rhizopodaceae,45.74,0.37,0.02660,0.01124,0.01402,4.534,4,3.504,17676,1553.880,1234,1262.902,17676,289.437,165,391.230,80150,289.437,165,391.230,80150
Rhimi1_1,Rhizopus_microsporus_var_microsporus_ATCC_52813,Mucoromycota,Mucoromycotina,Rhizopodaceae,25.97,0.37,0.02132,0.00928,0.01065,4.031,3,2.981,10905,1450.657,1211,1084.755,10905,313.529,187,399.746,43961,285.133,167,383.121,43112
Rhisa1,Rhizopogon_salebrosus_TDB-379,Basidiomycota,Agaricomycotina,Rhizopogonaceae,82.29,0.25,0.01335,0.01176,0.00109,4.763,3,4.325,18604,1219.362,919.5,1086.730,18900,203.886,131,257.515,88613,202.396,130,256.295,86006
Rhiso1,Rhizoctonia_solani_AG-1_IB.Rhiso1,Basidiomycota,Agaricomycotina,Ceratobasidiaceae,47.66,0.46,0.04650,0.04427,0.00107,5.835,5,4.638,15157,1679.421,1367,1313.086,15157,226.397,129,328.151,88436,226.397,129,328.151,88436
Rhivi1,Rhizopogon_vinicolor_AM-OR11-026,Basidiomycota,Agaricomycotina,Rhizopogonaceae,36.10,0.47,0.02985,0.02676,0.00229,5.578,4,4.531,14469,1593.998,1296,1240.062,14469,227.332,142,277.346,80703,201.218,128,257.911,77782
Rhoba1_1,Rhodotorula_graminis_WP1,Basidiomycota,Pucciniomycotina,Sporidiobolaceae,21.01,0.67,0.00299,0.00015,0.00002,6.238,5,3.899,7283,2125.067,1772,2790.105,7283,253.019,154,321.581,45433,243.040,144,317.402,44861
Rhomi1,Rhodotorula_minuta_MCA_4210,Basidiomycota,Pucciniomycotina,Sporidiobolaceae,20.82,0.50,0.00157,0.00118,0.00016,5.614,5,3.538,7814,2075.279,1791,1272.418,7814,301.414,176,381.881,43865,266.905,146,364.422,43139
Rhyru1_1,Rhytidhysteron_rufulum_CBS_306.38.Rhyru1_1,Ascomycota,Pezizomycotina,Hysteriaceae,40.18,0.48,0.01107,0.00661,0.00264,3.168,3,2.231,9955,1699.133,1395,1293.224,12117,476.780,266,632.512,31536,518.930,290,663.259,20867
Rsol,Rhizoctonia_solani_AG-1_IA,Basidiomycota,Agaricomycotina,Ceratobasidiaceae,34.53,0.45,0.01424,0.01367,0.00025,5.885,5,4.763,10084,1671.831,1267,1495.728,10084,213.667,143,253.284,59340,213.770,144,252.884,59245
Rtor,Rhodosporidium_toruloides_NP11,Basidiomycota,Pucciniomycotina,Sporidiobolaceae,20.20,0.62,0.00847,0.00135,0.00004,6.256,5,3.797,8170,1992.487,1673.5,1261.150,8170,254.754,145,338.481,51108,254.778,145,338.671,50966
Sacpr1,Saccharata_proteae_CBS_121410,Ascomycota,Pezizomycotina,Saccharataceae,31.43,0.53,0.02170,0.02007,0.00044,3.079,3,1.811,9234,1611.135,1358.5,1107.574,9234,454.830,246,594.563,28427,454.830,246,594.563,28427
Saico1,Saitoella_complicata_NRRL_Y-17804,Ascomycota,Taphrinomycotina,,14.14,0.53,0.00210,0.00077,0.00069,2.232,2,1.418,7034,1480.887,1232,1043.901,7034,622.511,328.5,781.716,15698,580.184,290,767.979,15369
Sarco1,Sarcoscypha_coccinea_ATCC_58028,Ascomycota,Pezizomycotina,Sarcoscyphaceae,39.09,0.50,0.00660,0.00557,0.00059,2.828,2,1.949,13738,1336.625,1076,1058.182,13738,424.109,244,517.981,38856,424.297,244,518.177,38813
Scer,Saccharomyces_cerevisiae_S288C.vR64-2-1,Ascomycota,Saccharomycotina,Saccharomycetaceae,12.16,0.38,0.03922,0.03384,0.00011,0.000,0,0.000,0,1344.886,1070,1122.336,6600,0.000,0,0.000,0,1283.297,1027.5,1117.878,7058
Schco3,Schizophyllum_commune_H4-8,Basidiomycota,Agaricomycotina,Schizophyllaceae,38.67,0.57,0.03557,0.03480,0.00039,5.273,4,4.359,16319,1771.054,1499,1370.406,16319,274.599,163,329.570,86053,243.549,144,308.295,83643
Schpa1,Schizopora_paradoxa_KUC8140,Basidiomycota,Agaricomycotina,Corticiaceae,44.41,0.49,0.00661,0.00530,0.00079,5.780,4,4.663,17098,1734.454,1496,1152.104,17098,244.555,144,310.231,98823,223.210,131,295.462,94530
Sclci1,Scleroderma_citrinum_Foug_A,Basidiomycota,Agaricomycotina,Sclerodermataceae,56.14,0.46,0.05917,0.05516,0.00254,4.328,3,3.949,21012,1310.636,945,1234.342,21012,242.698,159,278.606,90943,217.676,145,261.230,86200
Sebve1,Sebacina_vermifera_MAFF_305830,Basidiomycota,Agaricomycotina,Sebacinaceae,38.09,0.46,0.00505,0.00432,0.00041,4.944,4,4.175,15312,1674.098,1348,1361.941,15312,276.435,159,348.426,75701,255.206,144,337.721,73569
SerlaS7_9_2,Serpula_lacrymans_S7.9,Basidiomycota,Agaricomycotina,Serpulaceae,42.73,0.45,0.17022,0.15487,0.00918,5.732,4,4.721,12789,1587.422,1303,1252.409,12789,215.974,140,253.317,73301,197.963,129,241.280,71421
Sfla,Spathularia_flavida,Ascomycota,Pezizomycotina,Cudoniaceae,35.67,0.43,0.00688,0.00533,0.00061,3.271,3,2.041,9159,1808.691,1504,1366.458,9077,475.063,253,642.288,29961,477.202,255,643.232,29801
Sissu1,Sistotremastrum_suecicum_HHB10207_ss-3,Basidiomycota,Agaricomycotina,Hydnodontaceae,33.86,0.49,0.00949,0.00808,0.00072,5.703,4,4.508,13657,1692.931,1459,1146.231,13657,246.865,150,302.805,77892,221.812,135,284.594,75350
Smac,Sordaria_macrospora_k-hell,Ascomycota,Pezizomycotina,Sordariaceae,37.24,0.52,0.00177,0.00091,0.00014,2.526,2,1.448,10128,1644.958,1385,1261.659,10131,580.422,324,725.292,25583,588.965,333,728.465,25138
Smus,Sphaerulina_musiva_SO2202,Ascomycota,Pezizomycotina,Mycosphaerellaceae,29.24,0.50,0.00770,0.00654,0.00083,2.428,2,1.589,10232,1994.668,1679,1656.345,10232,752.144,401,933.134,24847,602.360,305,794.414,22826
Soct,Schizosaccharomyces_octosporus_yFS286,Ascomycota,Taphrinomycotina,Schizosaccharomycetaceae,11.63,0.36,0.00272,0.00033,0.00014,2.035,1,1.536,5347,1900.151,1681,1301.131,5347,895.302,417.5,1116.836,10880,668.705,275,926.227,10336
Spapa3,Spathaspora_passalidarum_NRRL_Y-27907,Ascomycota,Saccharomycotina,Debaryomycetaceae,13.18,0.37,0.00157,0.00087,0.00020,1.205,1,0.524,5983,1784.651,1499,2215.850,5983,1427.140,1238,1116.044,7207,1150.279,968,985.419,7037
Sphst1,Sphaerobolus_stellatus_SS14,Basidiomycota,Agaricomycotina,Sphaerobolaceae,176.37,0.31,0.02773,0.02477,0.00182,4.667,3,4.092,35274,1341.126,987,1656.696,35274,211.313,139,243.295,164620,201.097,132,235.802,161777
Spofi1,Sporormia_fimetaria,Ascomycota,Pezizomycotina,Sporormiaceae,25.89,0.53,0.00699,0.00441,0.00197,2.700,2,1.728,10783,1650.020,1396,1141.555,10783,563.407,348,668.248,29109,501.568,288,638.969,28410
Spoli1,Sporobolomyces_linderae_CBS_7893,Basidiomycota,Pucciniomycotina,Sporidiobolaceae,18.24,0.68,0.00047,0.00010,0.00003,6.257,5,4.064,9062,1765.563,1531,1068.164,9062,241.842,145,290.909,56698,220.772,127,283.070,55428
Spom,Schizosaccharomyces_pombe_972h-.vASM294v2,Ascomycota,Taphrinomycotina,Schizosaccharomycetaceae,12.63,0.36,0.01683,0.01032,0.00016,1.764,1,1.359,7020,1884.288,1650,1284.933,6880,1016.291,561,1161.497,12380,702.077,306,963.343,10210
Spore1,Sporisorium_reilianum_SRZ2.Spore1,Basidiomycota,Ustilaginomycotina,Ustilaginaceae,18.39,0.59,0.00091,0.00022,0.00037,1.461,1,0.930,6648,1852.551,1532,1302.039,6648,1226.949,863,1315.862,9710,1226.949,863,1315.862,9710
Sporo1,Sporobolomyces_roseus_CBS_119925,Basidiomycota,Pucciniomycotina,Sporidiobolaceae,21.17,0.53,0.00245,0.00142,0.00011,7.209,6,4.970,5536,2388.045,1844.5,1925.100,5536,241.770,157,293.165,39911,236.202,152,291.468,39546
Spoth2,Myceliophthora_thermophila_ATCC_42464,Ascomycota,Pezizomycotina,Chaetomiaceae,38.74,0.51,0.07227,0.06916,0.00049,2.828,2,1.820,9110,1984.330,1732,1440.769,9110,619.151,361,754.343,25767,520.206,262,709.078,24911
Spun,Spizellomyces_punctatus_DAOM_BR117.v1,Chytridiomycota,Chytridiomycetes,Spizellomycetaceae,24.13,0.47,0.02442,0.02359,0.00010,6.019,5,5.097,9424,2226.725,1849,1561.746,9424,309.923,169,436.521,56727,266.026,144,404.841,55063
Sscl,Sclerotinia_sclerotiorum_1980_UF-70,Ascomycota,Pezizomycotina,Sclerotiniaceae,38.29,0.41,0.03524,0.01041,0.01729,2.772,2,1.727,14633,1325.198,1051,1166.642,14642,388.535,180,574.428,40567,389.890,182,575.405,40380
Stano2,Stagonospora_nodorum_SN15,Ascomycota,Pezizomycotina,Massarinaceae,37.21,0.50,0.01215,0.00371,0.00256,2.665,2,1.470,12380,1467.867,1223,1160.470,12380,493.734,294,595.063,32994,479.467,277,592.773,32746
Stehi1,Stereum_hirsutum_FP-91666_SS1,Basidiomycota,Agaricomycotina,Stereaceae,46.51,0.50,0.00464,0.00379,0.00053,6.516,5,5.149,14072,2039.410,1716,1432.057,14072,239.029,140,319.433,91696,216.793,129,293.144,88689
Suibr1,Suillus_brevipes,Basidiomycota,Agaricomycotina,Suillaceae,51.71,0.46,0.02054,0.01723,0.00172,4.543,3,4.109,22453,1362.223,1018,1227.427,22453,242.980,155,286.590,101999,222.983,143,272.874,98338
Suilu1,Suillus_luteus_UH-Slu-Lm8-n1,Basidiomycota,Agaricomycotina,Suillaceae,37.01,0.48,0.02680,0.02155,0.00252,4.792,3,4.258,18316,1411.899,1074,1141.513,18316,244.307,155,290.120,87779,214.286,138,270.313,83527
Svas,Saksenaea_vasiformis_B4078,Mucoromycota,Mucoromycotina,Saksenaeaceae,42.50,0.43,0.02419,0.01539,0.00717,5.108,4,4.103,9518,1685.274,1345,1415.256,9387,264.635,158,358.550,48620,265.060,158,358.912,48475
Symko1,Symbiotaphrina_kochii_250.77,Ascomycota,Pezizomycotina,Xylonomycetales,24.83,0.52,0.00120,0.00053,0.00014,3.304,3,2.189,10482,1745.451,1535,1093.158,10482,478.555,295,567.089,34636,419.725,236,539.541,33829
Tapde1_1,Taphrina_deformans.Tapde1_1,Ascomycota,Taphrinomycotina,Taphrinaceae,13.13,0.49,0.00784,0.00499,0.00214,1.642,1,0.879,4609,1387.664,1169,950.834,4609,813.941,591,818.498,7568,813.941,591,818.498,7568
Tasa,Trichosporon_asahii_var._asahii_CBS_8904,Basidiomycota,Agaricomycotina,Trichosporonaceae,25.04,0.59,0.00158,0.00135,0.00002,2.994,2,2.268,9083,1588.343,1303,1231.937,9083,464.409,237,629.332,27195,472.185,244,633.516,26640
Tdel,Torulaspora_delbrueckii_CBS_1146,Ascomycota,Saccharomycotina,Saccharomycetaceae,9.22,0.42,0.00383,0.00165,0.00017,1.048,1,0.221,5176,1410.334,1175,1080.412,5179,1342.152,1113,1094.886,5424,1400.847,1163,1083.226,5175
Terbo2,Terfezia_boudieri_S1,Ascomycota,Pezizomycotina,Pezizaceae,63.23,0.43,0.02398,0.02187,0.00122,3.036,2,2.379,12114,1421.573,1135,1150.494,12114,410.180,230,521.525,36780,390.500,215,510.385,35901
Tescy1,Testicularia_cyperi_MCA_3645,Basidiomycota,Ustilaginomycotina,Anthracoideaceae,20.78,0.56,0.00116,0.00067,0.00030,1.696,1,1.282,7069,1740.722,1355,1412.849,7069,951.224,494,1141.863,11990,951.517,494,1142.140,11982
Theau1,Thermoascus_aurantiacus_ATCC26904,Ascomycota,Pezizomycotina,Thermoascaceae,28.49,0.52,0.01227,0.00484,0.00712,3.334,3,2.115,8798,1657.813,1395.5,1215.649,8798,424.630,230,578.123,29332,424.630,230,578.123,29332
Thite2,Thielavia_terrestris_NRRL_8126,Ascomycota,Pezizomycotina,Chaetomiaceae,36.91,0.55,0.02007,0.01690,0.00021,2.855,2,1.821,9813,1905.032,1648,1403.250,9813,588.179,343,714.494,28017,502.601,260,671.825,27116
ThoPMI491_1,Thozetella_sp_PMI_491,Ascomycota,Pezizomycotina,Chaetosphaeriaceae,72.86,0.49,0.00410,0.00255,0.00123,2.853,2,2.030,23281,1464.739,1257,1094.355,23281,452.502,269,557.603,66415,452.631,269,557.816,66267
Tilan2,Tilletiaria_anomala_UBC_951,Basidiomycota,Ustilaginomycotina,Tilletiariaceae,18.70,0.56,0.00154,0.00123,0.00017,3.323,3,2.075,6810,2026.234,1717,1364.915,6810,546.260,320,665.266,22632,478.853,252,645.969,22203
Tinf,Tolypocladium_inflatum_NRRL_8044.v1,Ascomycota,Pezizomycotina,Ophiocordycipitaceae,30.35,0.58,0.00516,0.00186,0.00150,2.644,2,1.699,9998,1666.319,1381,1428.062,9998,580.756,341,782.743,26437,569.366,323,786.942,26186
Tlan,Thermomyces_lanuginosus_SSBP,Ascomycota,Pezizomycotina,Trichocomaceae,19.16,0.52,0.00413,0.00214,0.00152,3.595,3,2.448,6355,2411.263,2001,1656.905,6241,594.300,331,758.571,22845,474.763,232,678.307,21140
Tmar,Talaromyces_marneffei_ATCC_18224,Ascomycota,Pezizomycotina,Trichocomaceae,28.23,0.46,0.01394,0.00619,0.00473,3.197,3,2.018,10776,1869.009,1653,1252.219,10928,540.540,307,700.713,34453,477.283,249,676.469,33665
Totfu1,Tothia_fuscella_CBS_130266,Ascomycota,Pezizomycotina,Venturiaceae,36.78,0.46,0.01009,0.00494,0.00482,2.712,2,1.750,13685,1398.233,1151,1043.214,13685,464.776,272,580.883,37112,464.921,272,581.105,37076
Tpha,Tetrapisispora_phaffii_CBS_4417,Ascomycota,Saccharomycotina,Saccharomycetaceae,12.10,0.34,0.00304,0.00227,0.00022,1.036,1,0.193,5460,1480.858,1212.5,1131.552,5476,1424.108,1173.5,1147.890,5656,1486.707,1220,1135.135,5404
Trave1,Trametes_versicolor_FP-101664_SS1,Basidiomycota,Agaricomycotina,Coriolaceae,44.79,0.55,0.00687,0.00549,0.00052,5.815,4,4.776,14296,1788.959,1490,1415.956,14296,239.816,144,299.167,83127,223.294,134,283.358,80643
Treme1,Tremella_mesenterica_Fries,Basidiomycota,Agaricomycotina,Tremellaceae,28.64,0.46,0.05261,0.05010,0.00126,5.751,5,4.073,8313,2059.727,1741,1399.394,8313,252.521,148,329.316,47812,243.599,142,325.040,47470
Trepe1,Trematosphaeria_pertusa_CBS_122368,Ascomycota,Pezizomycotina,Trematosphaeriaceae,47.75,0.51,0.01470,0.01206,0.00236,2.719,2,1.807,17306,1642.017,1418.5,1084.965,17306,552.216,358,622.721,47052,483.809,292,588.342,45857
Triat2,Trichoderma_atroviride_IMI_206040,Ascomycota,Pezizomycotina,Hypocreaceae,36.14,0.50,0.00137,0.00067,0.00023,2.857,2,1.868,11828,1797.761,1519,1454.198,11828,559.316,321,686.354,33788,487.033,267.5,640.830,33062
Tribi1,Trichodelitschia_bisporula_CBS_262.69,Ascomycota,Pezizomycotina,Phaeotrichaceae,25.79,0.56,0.00202,0.00150,0.00006,2.709,2,1.704,10181,1385.588,1115,1099.861,10181,464.166,257,625.750,27578,464.214,257,625.904,27557
Trigu1,Trinosporium_guianense_CBS_132537,Ascomycota,Pezizomycotina,Xylonomycetaceae,24.23,0.48,0.01253,0.01172,0.00048,3.375,3,2.270,8062,1665.422,1418.5,1207.784,8062,429.450,233,578.436,27209,429.411,233,578.487,27182
Trima3,Tricholoma_matsutake_945,Basidiomycota,Agaricomycotina,Tricholomataceae,175.76,0.39,0.17060,0.16521,0.00322,4.032,2,4.191,22885,1204.980,814,1280.307,22885,233.904,154,266.527,92270,210.808,141,246.942,88722
Triol1,Trichosporon_oleaginosus_IBC0246,Basidiomycota,Agaricomycotina,Trichosporonaceae,19.84,0.61,0.00207,0.00186,0.00010,3.722,3,2.621,8322,1748.353,1499,1122.048,8322,417.195,237,533.396,30978,370.075,194,512.825,30468
Trisp1,Tritirachium_sp_CBS_265.96,Basidiomycota,Pucciniomycotina,Tritirachiaceae,18.89,0.39,0.00449,0.00390,0.00041,5.550,4,4.600,7254,1867.149,1566,1309.815,7254,273.419,147,363.695,40257,243.282,130,341.851,39579
TriviGv29_8_2,Trichoderma_virens_Gv29-8,Ascomycota,Pezizomycotina,Hypocreaceae,39.02,0.49,0.00256,0.00060,0.00079,2.929,3,1.898,12423,1706.423,1421,1455.132,12423,512.927,293,766.550,36386,484.308,267,757.370,36059
Trub,Trichophyton_rubrum_CBS_118892,Ascomycota,Pezizomycotina,Arthrodermataceae,22.38,0.48,0.00138,0.00043,0.00047,3.075,3,1.931,8802,1571.117,1302.5,1193.131,8812,453.610,235,634.556,27070,449.571,230.5,635.651,26922
Tryvi1,Trypethelium_eluteriae,Ascomycota,Pezizomycotina,Trypetheliaceae,32.16,0.49,0.00883,0.00768,0.00076,2.833,2,1.803,11858,1721.176,1489,1157.207,11858,554.742,331,678.547,33590,497.412,271,654.319,32674
Tste,Thelebolus_stercoreus,Ascomycota,Pezizomycotina,Thelebolaceae,26.09,0.50,0.00507,0.00150,0.00141,2.479,2,1.395,6886,1750.778,1430,1304.882,6539,603.130,284,821.915,17067,621.947,302,829.149,16507
Tsti,Talaromyces_stipitatus_ATCC_10500,Ascomycota,Pezizomycotina,Trichocomaceae,34.89,0.46,0.05000,0.01064,0.01362,3.342,3,1.913,13356,1791.099,1586,1215.208,13503,485.667,281,629.735,44642,436.571,238,605.289,43638
Tubme1,Tuber_melanosporum.Tubme1,Ascomycota,Pezizomycotina,Tuberaceae,124.95,0.44,0.39746,0.31712,0.02211,3.872,3,2.701,7496,2071.505,1738.5,1662.121,7496,338.897,191,450.903,29021,338.897,191,450.903,29021
Tulca1,Tulasnella_calospora_AL13-4D,Basidiomycota,Agaricomycotina,Tulasnellaceae,62.39,0.43,0.02149,0.02054,0.00064,4.646,4,3.766,19659,1459.639,1131,1336.933,19659,237.654,154,277.690,91344,222.276,144,269.300,90081
Umay,Ustilago_maydis_521.v190413,Basidiomycota,Ustilaginomycotina,Ustilaginaceae,19.67,0.54,0.01016,0.00974,0.00016,0.000,0,0.000,0,1834.106,1505,1312.068,6786,0.000,0,0.000,0,1231.491,863,1316.334,9754
Umbra1,Umbelopsis_ramanniana_NRRL_5844,Mucoromycota,Mucoromycotina,Umbelopsidaceae,23.08,0.43,0.00147,0.00107,0.00021,4.747,4,3.791,9931,1788.379,1531,1209.462,9931,313.395,188,389.879,47141,268.013,158,360.996,46022
Uree,Uncinocarpus_reesii_1704,Ascomycota,Pezizomycotina,Onygenaceae,22.29,0.48,0.01028,0.00682,0.00028,3.073,3,1.887,7856,1624.039,1366,1208.530,7863,463.109,254,606.250,24143,464.631,256,606.979,24047
Verda1,Verticillium_dahliae_JR2,Ascomycota,Pezizomycotina,Plectosphaerellaceae,33.83,0.54,0.01583,0.00924,0.00264,2.818,2,1.732,10535,1676.291,1437,1119.844,10535,529.719,308,661.795,29685,506.399,279,657.230,29501
Volvo1,Volvariella_volvacea_V23.Volvo1,Basidiomycota,Agaricomycotina,Pluteaceae,35.72,0.49,0.00846,0.00757,0.00064,6.862,5,5.758,11084,2086.262,1651.5,1617.081,11084,228.004,128,320.986,76056,228.004,128,320.986,76056
Walse1,Wallemia_sebi_CBS_633.66,Basidiomycota,Agaricomycotina,Wallemiales,9.82,0.40,0.00163,0.00077,0.00011,4.033,3,2.675,5284,1810.573,1501,1287.488,5284,408.593,195,507.117,21312,348.318,169,436.470,19184
Wich,Wallemia_ichthyophaga_EXF-994,Basidiomycota,Agaricomycotina,Wallemiales,9.62,0.45,0.00145,0.00086,0.00016,3.357,3,2.405,4990,1560.181,1242.5,1244.945,4990,421.132,195,522.816,16753,423.632,198,523.891,16626
Wilmi1,Wilcoxina_mikolae_CBS_423.85,Ascomycota,Pezizomycotina,Pyronemataceae,117.29,0.44,0.05751,0.05067,0.00042,3.236,3,2.332,13093,1558.252,1253,1375.863,13093,416.362,263,476.056,42373,375.587,224,456.904,41013
Wolco1,Wolfiporia_cocos_MD-104_SS10,Basidiomycota,Agaricomycotina,Coriolaceae,50.48,0.50,0.01970,0.01558,0.00220,6.308,5,5.097,12746,2034.102,1633,2207.114,12746,241.441,145,302.442,80404,211.136,131,263.829,73679
Xanpa2,Xanthoria_parietina_46-1,Ascomycota,Pezizomycotina,Teloschistaceae,31.90,0.50,0.03257,0.02795,0.00011,2.877,2,1.946,10913,1467.355,1190,1129.584,11065,455.470,249,604.183,31402,454.094,248,601.790,30696
Xylhe1,Xylona_heveae_TC161,Ascomycota,Pezizomycotina,Xylonomycetaceae,24.34,0.48,0.00400,0.00249,0.00053,3.412,3,2.268,8205,1954.205,1711,1255.295,8205,507.543,308,620.223,27997,437.329,234,590.248,27468
Ylip,Yarrowia_lipolytica_CLIB122,Ascomycota,Saccharomycotina,Dipodascaceae,20.55,0.49,0.01408,0.00749,0.00033,1.199,1,0.469,7140,1370.791,1145,1148.941,7222,1111.892,921.5,1101.488,8560,1248.409,1052,1098.709,7576
Zasce1,Zasmidium_cellare_ATCC_36951,Ascomycota,Pezizomycotina,Mycosphaerellaceae,38.25,0.53,0.00324,0.00284,0.00020,2.504,2,1.721,16015,1474.988,1250,1034.655,16015,537.857,303,691.623,40101,537.857,303,691.623,40101
Zoprh1,Zopfia_rhizophila_CBS_207.26,Ascomycota,Pezizomycotina,Zopfiaceae,152.78,0.33,0.08306,0.06738,0.01240,2.765,2,1.989,21730,1466.504,1193,1243.677,21730,464.725,287,564.347,60087,410.150,240,533.849,58638
Zrou,Zygosaccharomyces_rouxii_CBS_732,Ascomycota,Saccharomycotina,Saccharomycetaceae,9.76,0.39,0.00257,0.00072,0.00007,1.041,1,0.203,5321,1410.096,1157,1123.553,5324,1349.997,1109,1134.293,5541,1442.147,1187,1118.726,5157
Zymps1,Zymoseptoria_pseudotritici_STIR04_4.3.1.Zymps1,Ascomycota,Pezizomycotina,Mycosphaerellaceae,32.66,0.52,0.00703,0.00628,0.00043,2.418,2,1.692,11044,1594.321,1301,1171.210,11044,604.580,314,790.950,26699,604.580,314,790.950,26699
